// Generated by scripts/gen-nfkd-table.py. Do not edit.
// Covers NFKD decomposition, lowercase mapping, and canonical
// combining classes for tier-1 languages.
// Hangul syllables (U+AC00..U+D7A3) are decomposed algorithmically.
struct mtl_unicode_entry {
    uint32_t cp;
    uint32_t offset;
    uint32_t length;
};
struct mtl_ccc_entry {
    uint32_t cp;
    uint8_t  ccc;
};
static const uint32_t k_mtl_nfkd_data[] = {
    0x00020, 0x00020, 0x00308, 0x00061, 0x00020, 0x00304, 0x00032, 0x00033,
    0x00020, 0x00301, 0x003BC, 0x00020, 0x00327, 0x00031, 0x0006F, 0x00031,
    0x02044, 0x00034, 0x00031, 0x02044, 0x00032, 0x00033, 0x02044, 0x00034,
    0x00041, 0x00300, 0x00041, 0x00301, 0x00041, 0x00302, 0x00041, 0x00303,
    0x00041, 0x00308, 0x00041, 0x0030A, 0x00043, 0x00327, 0x00045, 0x00300,
    0x00045, 0x00301, 0x00045, 0x00302, 0x00045, 0x00308, 0x00049, 0x00300,
    0x00049, 0x00301, 0x00049, 0x00302, 0x00049, 0x00308, 0x0004E, 0x00303,
    0x0004F, 0x00300, 0x0004F, 0x00301, 0x0004F, 0x00302, 0x0004F, 0x00303,
    0x0004F, 0x00308, 0x00055, 0x00300, 0x00055, 0x00301, 0x00055, 0x00302,
    0x00055, 0x00308, 0x00059, 0x00301, 0x00061, 0x00300, 0x00061, 0x00301,
    0x00061, 0x00302, 0x00061, 0x00303, 0x00061, 0x00308, 0x00061, 0x0030A,
    0x00063, 0x00327, 0x00065, 0x00300, 0x00065, 0x00301, 0x00065, 0x00302,
    0x00065, 0x00308, 0x00069, 0x00300, 0x00069, 0x00301, 0x00069, 0x00302,
    0x00069, 0x00308, 0x0006E, 0x00303, 0x0006F, 0x00300, 0x0006F, 0x00301,
    0x0006F, 0x00302, 0x0006F, 0x00303, 0x0006F, 0x00308, 0x00075, 0x00300,
    0x00075, 0x00301, 0x00075, 0x00302, 0x00075, 0x00308, 0x00079, 0x00301,
    0x00079, 0x00308, 0x00041, 0x00304, 0x00061, 0x00304, 0x00041, 0x00306,
    0x00061, 0x00306, 0x00041, 0x00328, 0x00061, 0x00328, 0x00043, 0x00301,
    0x00063, 0x00301, 0x00043, 0x00302, 0x00063, 0x00302, 0x00043, 0x00307,
    0x00063, 0x00307, 0x00043, 0x0030C, 0x00063, 0x0030C, 0x00044, 0x0030C,
    0x00064, 0x0030C, 0x00045, 0x00304, 0x00065, 0x00304, 0x00045, 0x00306,
    0x00065, 0x00306, 0x00045, 0x00307, 0x00065, 0x00307, 0x00045, 0x00328,
    0x00065, 0x00328, 0x00045, 0x0030C, 0x00065, 0x0030C, 0x00047, 0x00302,
    0x00067, 0x00302, 0x00047, 0x00306, 0x00067, 0x00306, 0x00047, 0x00307,
    0x00067, 0x00307, 0x00047, 0x00327, 0x00067, 0x00327, 0x00048, 0x00302,
    0x00068, 0x00302, 0x00049, 0x00303, 0x00069, 0x00303, 0x00049, 0x00304,
    0x00069, 0x00304, 0x00049, 0x00306, 0x00069, 0x00306, 0x00049, 0x00328,
    0x00069, 0x00328, 0x00049, 0x00307, 0x00049, 0x0004A, 0x00069, 0x0006A,
    0x0004A, 0x00302, 0x0006A, 0x00302, 0x0004B, 0x00327, 0x0006B, 0x00327,
    0x0004C, 0x00301, 0x0006C, 0x00301, 0x0004C, 0x00327, 0x0006C, 0x00327,
    0x0004C, 0x0030C, 0x0006C, 0x0030C, 0x0004C, 0x000B7, 0x0006C, 0x000B7,
    0x0004E, 0x00301, 0x0006E, 0x00301, 0x0004E, 0x00327, 0x0006E, 0x00327,
    0x0004E, 0x0030C, 0x0006E, 0x0030C, 0x002BC, 0x0006E, 0x0004F, 0x00304,
    0x0006F, 0x00304, 0x0004F, 0x00306, 0x0006F, 0x00306, 0x0004F, 0x0030B,
    0x0006F, 0x0030B, 0x00052, 0x00301, 0x00072, 0x00301, 0x00052, 0x00327,
    0x00072, 0x00327, 0x00052, 0x0030C, 0x00072, 0x0030C, 0x00053, 0x00301,
    0x00073, 0x00301, 0x00053, 0x00302, 0x00073, 0x00302, 0x00053, 0x00327,
    0x00073, 0x00327, 0x00053, 0x0030C, 0x00073, 0x0030C, 0x00054, 0x00327,
    0x00074, 0x00327, 0x00054, 0x0030C, 0x00074, 0x0030C, 0x00055, 0x00303,
    0x00075, 0x00303, 0x00055, 0x00304, 0x00075, 0x00304, 0x00055, 0x00306,
    0x00075, 0x00306, 0x00055, 0x0030A, 0x00075, 0x0030A, 0x00055, 0x0030B,
    0x00075, 0x0030B, 0x00055, 0x00328, 0x00075, 0x00328, 0x00057, 0x00302,
    0x00077, 0x00302, 0x00059, 0x00302, 0x00079, 0x00302, 0x00059, 0x00308,
    0x0005A, 0x00301, 0x0007A, 0x00301, 0x0005A, 0x00307, 0x0007A, 0x00307,
    0x0005A, 0x0030C, 0x0007A, 0x0030C, 0x00073, 0x0004F, 0x0031B, 0x0006F,
    0x0031B, 0x00055, 0x0031B, 0x00075, 0x0031B, 0x00044, 0x0005A, 0x0030C,
    0x00044, 0x0007A, 0x0030C, 0x00064, 0x0007A, 0x0030C, 0x0004C, 0x0004A,
    0x0004C, 0x0006A, 0x0006C, 0x0006A, 0x0004E, 0x0004A, 0x0004E, 0x0006A,
    0x0006E, 0x0006A, 0x00041, 0x0030C, 0x00061, 0x0030C, 0x00049, 0x0030C,
    0x00069, 0x0030C, 0x0004F, 0x0030C, 0x0006F, 0x0030C, 0x00055, 0x0030C,
    0x00075, 0x0030C, 0x00055, 0x00308, 0x00304, 0x00075, 0x00308, 0x00304,
    0x00055, 0x00308, 0x00301, 0x00075, 0x00308, 0x00301, 0x00055, 0x00308,
    0x0030C, 0x00075, 0x00308, 0x0030C, 0x00055, 0x00308, 0x00300, 0x00075,
    0x00308, 0x00300, 0x00041, 0x00308, 0x00304, 0x00061, 0x00308, 0x00304,
    0x00041, 0x00307, 0x00304, 0x00061, 0x00307, 0x00304, 0x000C6, 0x00304,
    0x000E6, 0x00304, 0x00047, 0x0030C, 0x00067, 0x0030C, 0x0004B, 0x0030C,
    0x0006B, 0x0030C, 0x0004F, 0x00328, 0x0006F, 0x00328, 0x0004F, 0x00328,
    0x00304, 0x0006F, 0x00328, 0x00304, 0x001B7, 0x0030C, 0x00292, 0x0030C,
    0x0006A, 0x0030C, 0x00044, 0x0005A, 0x00044, 0x0007A, 0x00064, 0x0007A,
    0x00047, 0x00301, 0x00067, 0x00301, 0x0004E, 0x00300, 0x0006E, 0x00300,
    0x00041, 0x0030A, 0x00301, 0x00061, 0x0030A, 0x00301, 0x000C6, 0x00301,
    0x000E6, 0x00301, 0x000D8, 0x00301, 0x000F8, 0x00301, 0x00041, 0x0030F,
    0x00061, 0x0030F, 0x00041, 0x00311, 0x00061, 0x00311, 0x00045, 0x0030F,
    0x00065, 0x0030F, 0x00045, 0x00311, 0x00065, 0x00311, 0x00049, 0x0030F,
    0x00069, 0x0030F, 0x00049, 0x00311, 0x00069, 0x00311, 0x0004F, 0x0030F,
    0x0006F, 0x0030F, 0x0004F, 0x00311, 0x0006F, 0x00311, 0x00052, 0x0030F,
    0x00072, 0x0030F, 0x00052, 0x00311, 0x00072, 0x00311, 0x00055, 0x0030F,
    0x00075, 0x0030F, 0x00055, 0x00311, 0x00075, 0x00311, 0x00053, 0x00326,
    0x00073, 0x00326, 0x00054, 0x00326, 0x00074, 0x00326, 0x00048, 0x0030C,
    0x00068, 0x0030C, 0x00041, 0x00307, 0x00061, 0x00307, 0x00045, 0x00327,
    0x00065, 0x00327, 0x0004F, 0x00308, 0x00304, 0x0006F, 0x00308, 0x00304,
    0x0004F, 0x00303, 0x00304, 0x0006F, 0x00303, 0x00304, 0x0004F, 0x00307,
    0x0006F, 0x00307, 0x0004F, 0x00307, 0x00304, 0x0006F, 0x00307, 0x00304,
    0x00059, 0x00304, 0x00079, 0x00304, 0x00068, 0x00266, 0x0006A, 0x00072,
    0x00279, 0x0027B, 0x00281, 0x00077, 0x00079, 0x00020, 0x00306, 0x00020,
    0x00307, 0x00020, 0x0030A, 0x00020, 0x00328, 0x00020, 0x00303, 0x00020,
    0x0030B, 0x00263, 0x0006C, 0x00073, 0x00078, 0x00295, 0x00300, 0x00301,
    0x00313, 0x00308, 0x00301, 0x002B9, 0x00020, 0x00345, 0x0003B, 0x00020,
    0x00301, 0x00020, 0x00308, 0x00301, 0x00391, 0x00301, 0x000B7, 0x00395,
    0x00301, 0x00397, 0x00301, 0x00399, 0x00301, 0x0039F, 0x00301, 0x003A5,
    0x00301, 0x003A9, 0x00301, 0x003B9, 0x00308, 0x00301, 0x00399, 0x00308,
    0x003A5, 0x00308, 0x003B1, 0x00301, 0x003B5, 0x00301, 0x003B7, 0x00301,
    0x003B9, 0x00301, 0x003C5, 0x00308, 0x00301, 0x003B9, 0x00308, 0x003C5,
    0x00308, 0x003BF, 0x00301, 0x003C5, 0x00301, 0x003C9, 0x00301, 0x003B2,
    0x003B8, 0x003A5, 0x003A5, 0x00301, 0x003A5, 0x00308, 0x003C6, 0x003C0,
    0x003BA, 0x003C1, 0x003C2, 0x00398, 0x003B5, 0x003A3, 0x00415, 0x00300,
    0x00415, 0x00308, 0x00413, 0x00301, 0x00406, 0x00308, 0x0041A, 0x00301,
    0x00418, 0x00300, 0x00423, 0x00306, 0x00418, 0x00306, 0x00438, 0x00306,
    0x00435, 0x00300, 0x00435, 0x00308, 0x00433, 0x00301, 0x00456, 0x00308,
    0x0043A, 0x00301, 0x00438, 0x00300, 0x00443, 0x00306, 0x00474, 0x0030F,
    0x00475, 0x0030F, 0x00416, 0x00306, 0x00436, 0x00306, 0x00410, 0x00306,
    0x00430, 0x00306, 0x00410, 0x00308, 0x00430, 0x00308, 0x00415, 0x00306,
    0x00435, 0x00306, 0x004D8, 0x00308, 0x004D9, 0x00308, 0x00416, 0x00308,
    0x00436, 0x00308, 0x00417, 0x00308, 0x00437, 0x00308, 0x00418, 0x00304,
    0x00438, 0x00304, 0x00418, 0x00308, 0x00438, 0x00308, 0x0041E, 0x00308,
    0x0043E, 0x00308, 0x004E8, 0x00308, 0x004E9, 0x00308, 0x0042D, 0x00308,
    0x0044D, 0x00308, 0x00423, 0x00304, 0x00443, 0x00304, 0x00423, 0x00308,
    0x00443, 0x00308, 0x00423, 0x0030B, 0x00443, 0x0030B, 0x00427, 0x00308,
    0x00447, 0x00308, 0x0042B, 0x00308, 0x0044B, 0x00308, 0x00627, 0x00653,
    0x00627, 0x00654, 0x00648, 0x00654, 0x00627, 0x00655, 0x0064A, 0x00654,
    0x00627, 0x00674, 0x00648, 0x00674, 0x006C7, 0x00674, 0x0064A, 0x00674,
    0x006D5, 0x00654, 0x006C1, 0x00654, 0x006D2, 0x00654, 0x00928, 0x0093C,
    0x00930, 0x0093C, 0x00933, 0x0093C, 0x00915, 0x0093C, 0x00916, 0x0093C,
    0x00917, 0x0093C, 0x0091C, 0x0093C, 0x00921, 0x0093C, 0x00922, 0x0093C,
    0x0092B, 0x0093C, 0x0092F, 0x0093C, 0x00041, 0x000C6, 0x00042, 0x00044,
    0x00045, 0x0018E, 0x00047, 0x00048, 0x00049, 0x0004A, 0x0004B, 0x0004C,
    0x0004D, 0x0004E, 0x0004F, 0x00222, 0x00050, 0x00052, 0x00054, 0x00055,
    0x00057, 0x00061, 0x00250, 0x00251, 0x01D02, 0x00062, 0x00064, 0x00065,
    0x00259, 0x0025B, 0x0025C, 0x00067, 0x0006B, 0x0006D, 0x0014B, 0x0006F,
    0x00254, 0x01D16, 0x01D17, 0x00070, 0x00074, 0x00075, 0x01D1D, 0x0026F,
    0x00076, 0x01D25, 0x003B2, 0x003B3, 0x003B4, 0x003C6, 0x003C7, 0x00069,
    0x00072, 0x00075, 0x00076, 0x003B2, 0x003B3, 0x003C1, 0x003C6, 0x003C7,
    0x0043D, 0x00252, 0x00063, 0x00255, 0x000F0, 0x0025C, 0x00066, 0x0025F,
    0x00261, 0x00265, 0x00268, 0x00269, 0x0026A, 0x01D7B, 0x0029D, 0x0026D,
    0x01D85, 0x0029F, 0x00271, 0x00270, 0x00272, 0x00273, 0x00274, 0x00275,
    0x00278, 0x00282, 0x00283, 0x001AB, 0x00289, 0x0028A, 0x01D1C, 0x0028B,
    0x0028C, 0x0007A, 0x00290, 0x00291, 0x00292, 0x003B8, 0x00041, 0x00325,
    0x00061, 0x00325, 0x00042, 0x00307, 0x00062, 0x00307, 0x00042, 0x00323,
    0x00062, 0x00323, 0x00042, 0x00331, 0x00062, 0x00331, 0x00043, 0x00327,
    0x00301, 0x00063, 0x00327, 0x00301, 0x00044, 0x00307, 0x00064, 0x00307,
    0x00044, 0x00323, 0x00064, 0x00323, 0x00044, 0x00331, 0x00064, 0x00331,
    0x00044, 0x00327, 0x00064, 0x00327, 0x00044, 0x0032D, 0x00064, 0x0032D,
    0x00045, 0x00304, 0x00300, 0x00065, 0x00304, 0x00300, 0x00045, 0x00304,
    0x00301, 0x00065, 0x00304, 0x00301, 0x00045, 0x0032D, 0x00065, 0x0032D,
    0x00045, 0x00330, 0x00065, 0x00330, 0x00045, 0x00327, 0x00306, 0x00065,
    0x00327, 0x00306, 0x00046, 0x00307, 0x00066, 0x00307, 0x00047, 0x00304,
    0x00067, 0x00304, 0x00048, 0x00307, 0x00068, 0x00307, 0x00048, 0x00323,
    0x00068, 0x00323, 0x00048, 0x00308, 0x00068, 0x00308, 0x00048, 0x00327,
    0x00068, 0x00327, 0x00048, 0x0032E, 0x00068, 0x0032E, 0x00049, 0x00330,
    0x00069, 0x00330, 0x00049, 0x00308, 0x00301, 0x00069, 0x00308, 0x00301,
    0x0004B, 0x00301, 0x0006B, 0x00301, 0x0004B, 0x00323, 0x0006B, 0x00323,
    0x0004B, 0x00331, 0x0006B, 0x00331, 0x0004C, 0x00323, 0x0006C, 0x00323,
    0x0004C, 0x00323, 0x00304, 0x0006C, 0x00323, 0x00304, 0x0004C, 0x00331,
    0x0006C, 0x00331, 0x0004C, 0x0032D, 0x0006C, 0x0032D, 0x0004D, 0x00301,
    0x0006D, 0x00301, 0x0004D, 0x00307, 0x0006D, 0x00307, 0x0004D, 0x00323,
    0x0006D, 0x00323, 0x0004E, 0x00307, 0x0006E, 0x00307, 0x0004E, 0x00323,
    0x0006E, 0x00323, 0x0004E, 0x00331, 0x0006E, 0x00331, 0x0004E, 0x0032D,
    0x0006E, 0x0032D, 0x0004F, 0x00303, 0x00301, 0x0006F, 0x00303, 0x00301,
    0x0004F, 0x00303, 0x00308, 0x0006F, 0x00303, 0x00308, 0x0004F, 0x00304,
    0x00300, 0x0006F, 0x00304, 0x00300, 0x0004F, 0x00304, 0x00301, 0x0006F,
    0x00304, 0x00301, 0x00050, 0x00301, 0x00070, 0x00301, 0x00050, 0x00307,
    0x00070, 0x00307, 0x00052, 0x00307, 0x00072, 0x00307, 0x00052, 0x00323,
    0x00072, 0x00323, 0x00052, 0x00323, 0x00304, 0x00072, 0x00323, 0x00304,
    0x00052, 0x00331, 0x00072, 0x00331, 0x00053, 0x00307, 0x00073, 0x00307,
    0x00053, 0x00323, 0x00073, 0x00323, 0x00053, 0x00301, 0x00307, 0x00073,
    0x00301, 0x00307, 0x00053, 0x0030C, 0x00307, 0x00073, 0x0030C, 0x00307,
    0x00053, 0x00323, 0x00307, 0x00073, 0x00323, 0x00307, 0x00054, 0x00307,
    0x00074, 0x00307, 0x00054, 0x00323, 0x00074, 0x00323, 0x00054, 0x00331,
    0x00074, 0x00331, 0x00054, 0x0032D, 0x00074, 0x0032D, 0x00055, 0x00324,
    0x00075, 0x00324, 0x00055, 0x00330, 0x00075, 0x00330, 0x00055, 0x0032D,
    0x00075, 0x0032D, 0x00055, 0x00303, 0x00301, 0x00075, 0x00303, 0x00301,
    0x00055, 0x00304, 0x00308, 0x00075, 0x00304, 0x00308, 0x00056, 0x00303,
    0x00076, 0x00303, 0x00056, 0x00323, 0x00076, 0x00323, 0x00057, 0x00300,
    0x00077, 0x00300, 0x00057, 0x00301, 0x00077, 0x00301, 0x00057, 0x00308,
    0x00077, 0x00308, 0x00057, 0x00307, 0x00077, 0x00307, 0x00057, 0x00323,
    0x00077, 0x00323, 0x00058, 0x00307, 0x00078, 0x00307, 0x00058, 0x00308,
    0x00078, 0x00308, 0x00059, 0x00307, 0x00079, 0x00307, 0x0005A, 0x00302,
    0x0007A, 0x00302, 0x0005A, 0x00323, 0x0007A, 0x00323, 0x0005A, 0x00331,
    0x0007A, 0x00331, 0x00068, 0x00331, 0x00074, 0x00308, 0x00077, 0x0030A,
    0x00079, 0x0030A, 0x00061, 0x002BE, 0x00073, 0x00307, 0x00041, 0x00323,
    0x00061, 0x00323, 0x00041, 0x00309, 0x00061, 0x00309, 0x00041, 0x00302,
    0x00301, 0x00061, 0x00302, 0x00301, 0x00041, 0x00302, 0x00300, 0x00061,
    0x00302, 0x00300, 0x00041, 0x00302, 0x00309, 0x00061, 0x00302, 0x00309,
    0x00041, 0x00302, 0x00303, 0x00061, 0x00302, 0x00303, 0x00041, 0x00323,
    0x00302, 0x00061, 0x00323, 0x00302, 0x00041, 0x00306, 0x00301, 0x00061,
    0x00306, 0x00301, 0x00041, 0x00306, 0x00300, 0x00061, 0x00306, 0x00300,
    0x00041, 0x00306, 0x00309, 0x00061, 0x00306, 0x00309, 0x00041, 0x00306,
    0x00303, 0x00061, 0x00306, 0x00303, 0x00041, 0x00323, 0x00306, 0x00061,
    0x00323, 0x00306, 0x00045, 0x00323, 0x00065, 0x00323, 0x00045, 0x00309,
    0x00065, 0x00309, 0x00045, 0x00303, 0x00065, 0x00303, 0x00045, 0x00302,
    0x00301, 0x00065, 0x00302, 0x00301, 0x00045, 0x00302, 0x00300, 0x00065,
    0x00302, 0x00300, 0x00045, 0x00302, 0x00309, 0x00065, 0x00302, 0x00309,
    0x00045, 0x00302, 0x00303, 0x00065, 0x00302, 0x00303, 0x00045, 0x00323,
    0x00302, 0x00065, 0x00323, 0x00302, 0x00049, 0x00309, 0x00069, 0x00309,
    0x00049, 0x00323, 0x00069, 0x00323, 0x0004F, 0x00323, 0x0006F, 0x00323,
    0x0004F, 0x00309, 0x0006F, 0x00309, 0x0004F, 0x00302, 0x00301, 0x0006F,
    0x00302, 0x00301, 0x0004F, 0x00302, 0x00300, 0x0006F, 0x00302, 0x00300,
    0x0004F, 0x00302, 0x00309, 0x0006F, 0x00302, 0x00309, 0x0004F, 0x00302,
    0x00303, 0x0006F, 0x00302, 0x00303, 0x0004F, 0x00323, 0x00302, 0x0006F,
    0x00323, 0x00302, 0x0004F, 0x0031B, 0x00301, 0x0006F, 0x0031B, 0x00301,
    0x0004F, 0x0031B, 0x00300, 0x0006F, 0x0031B, 0x00300, 0x0004F, 0x0031B,
    0x00309, 0x0006F, 0x0031B, 0x00309, 0x0004F, 0x0031B, 0x00303, 0x0006F,
    0x0031B, 0x00303, 0x0004F, 0x0031B, 0x00323, 0x0006F, 0x0031B, 0x00323,
    0x00055, 0x00323, 0x00075, 0x00323, 0x00055, 0x00309, 0x00075, 0x00309,
    0x00055, 0x0031B, 0x00301, 0x00075, 0x0031B, 0x00301, 0x00055, 0x0031B,
    0x00300, 0x00075, 0x0031B, 0x00300, 0x00055, 0x0031B, 0x00309, 0x00075,
    0x0031B, 0x00309, 0x00055, 0x0031B, 0x00303, 0x00075, 0x0031B, 0x00303,
    0x00055, 0x0031B, 0x00323, 0x00075, 0x0031B, 0x00323, 0x00059, 0x00300,
    0x00079, 0x00300, 0x00059, 0x00323, 0x00079, 0x00323, 0x00059, 0x00309,
    0x00079, 0x00309, 0x00059, 0x00303, 0x00079, 0x00303, 0x003B1, 0x00313,
    0x003B1, 0x00314, 0x003B1, 0x00313, 0x00300, 0x003B1, 0x00314, 0x00300,
    0x003B1, 0x00313, 0x00301, 0x003B1, 0x00314, 0x00301, 0x003B1, 0x00313,
    0x00342, 0x003B1, 0x00314, 0x00342, 0x00391, 0x00313, 0x00391, 0x00314,
    0x00391, 0x00313, 0x00300, 0x00391, 0x00314, 0x00300, 0x00391, 0x00313,
    0x00301, 0x00391, 0x00314, 0x00301, 0x00391, 0x00313, 0x00342, 0x00391,
    0x00314, 0x00342, 0x003B5, 0x00313, 0x003B5, 0x00314, 0x003B5, 0x00313,
    0x00300, 0x003B5, 0x00314, 0x00300, 0x003B5, 0x00313, 0x00301, 0x003B5,
    0x00314, 0x00301, 0x00395, 0x00313, 0x00395, 0x00314, 0x00395, 0x00313,
    0x00300, 0x00395, 0x00314, 0x00300, 0x00395, 0x00313, 0x00301, 0x00395,
    0x00314, 0x00301, 0x003B7, 0x00313, 0x003B7, 0x00314, 0x003B7, 0x00313,
    0x00300, 0x003B7, 0x00314, 0x00300, 0x003B7, 0x00313, 0x00301, 0x003B7,
    0x00314, 0x00301, 0x003B7, 0x00313, 0x00342, 0x003B7, 0x00314, 0x00342,
    0x00397, 0x00313, 0x00397, 0x00314, 0x00397, 0x00313, 0x00300, 0x00397,
    0x00314, 0x00300, 0x00397, 0x00313, 0x00301, 0x00397, 0x00314, 0x00301,
    0x00397, 0x00313, 0x00342, 0x00397, 0x00314, 0x00342, 0x003B9, 0x00313,
    0x003B9, 0x00314, 0x003B9, 0x00313, 0x00300, 0x003B9, 0x00314, 0x00300,
    0x003B9, 0x00313, 0x00301, 0x003B9, 0x00314, 0x00301, 0x003B9, 0x00313,
    0x00342, 0x003B9, 0x00314, 0x00342, 0x00399, 0x00313, 0x00399, 0x00314,
    0x00399, 0x00313, 0x00300, 0x00399, 0x00314, 0x00300, 0x00399, 0x00313,
    0x00301, 0x00399, 0x00314, 0x00301, 0x00399, 0x00313, 0x00342, 0x00399,
    0x00314, 0x00342, 0x003BF, 0x00313, 0x003BF, 0x00314, 0x003BF, 0x00313,
    0x00300, 0x003BF, 0x00314, 0x00300, 0x003BF, 0x00313, 0x00301, 0x003BF,
    0x00314, 0x00301, 0x0039F, 0x00313, 0x0039F, 0x00314, 0x0039F, 0x00313,
    0x00300, 0x0039F, 0x00314, 0x00300, 0x0039F, 0x00313, 0x00301, 0x0039F,
    0x00314, 0x00301, 0x003C5, 0x00313, 0x003C5, 0x00314, 0x003C5, 0x00313,
    0x00300, 0x003C5, 0x00314, 0x00300, 0x003C5, 0x00313, 0x00301, 0x003C5,
    0x00314, 0x00301, 0x003C5, 0x00313, 0x00342, 0x003C5, 0x00314, 0x00342,
    0x003A5, 0x00314, 0x003A5, 0x00314, 0x00300, 0x003A5, 0x00314, 0x00301,
    0x003A5, 0x00314, 0x00342, 0x003C9, 0x00313, 0x003C9, 0x00314, 0x003C9,
    0x00313, 0x00300, 0x003C9, 0x00314, 0x00300, 0x003C9, 0x00313, 0x00301,
    0x003C9, 0x00314, 0x00301, 0x003C9, 0x00313, 0x00342, 0x003C9, 0x00314,
    0x00342, 0x003A9, 0x00313, 0x003A9, 0x00314, 0x003A9, 0x00313, 0x00300,
    0x003A9, 0x00314, 0x00300, 0x003A9, 0x00313, 0x00301, 0x003A9, 0x00314,
    0x00301, 0x003A9, 0x00313, 0x00342, 0x003A9, 0x00314, 0x00342, 0x003B1,
    0x00300, 0x003B1, 0x00301, 0x003B5, 0x00300, 0x003B5, 0x00301, 0x003B7,
    0x00300, 0x003B7, 0x00301, 0x003B9, 0x00300, 0x003B9, 0x00301, 0x003BF,
    0x00300, 0x003BF, 0x00301, 0x003C5, 0x00300, 0x003C5, 0x00301, 0x003C9,
    0x00300, 0x003C9, 0x00301, 0x003B1, 0x00313, 0x00345, 0x003B1, 0x00314,
    0x00345, 0x003B1, 0x00313, 0x00300, 0x00345, 0x003B1, 0x00314, 0x00300,
    0x00345, 0x003B1, 0x00313, 0x00301, 0x00345, 0x003B1, 0x00314, 0x00301,
    0x00345, 0x003B1, 0x00313, 0x00342, 0x00345, 0x003B1, 0x00314, 0x00342,
    0x00345, 0x00391, 0x00313, 0x00345, 0x00391, 0x00314, 0x00345, 0x00391,
    0x00313, 0x00300, 0x00345, 0x00391, 0x00314, 0x00300, 0x00345, 0x00391,
    0x00313, 0x00301, 0x00345, 0x00391, 0x00314, 0x00301, 0x00345, 0x00391,
    0x00313, 0x00342, 0x00345, 0x00391, 0x00314, 0x00342, 0x00345, 0x003B7,
    0x00313, 0x00345, 0x003B7, 0x00314, 0x00345, 0x003B7, 0x00313, 0x00300,
    0x00345, 0x003B7, 0x00314, 0x00300, 0x00345, 0x003B7, 0x00313, 0x00301,
    0x00345, 0x003B7, 0x00314, 0x00301, 0x00345, 0x003B7, 0x00313, 0x00342,
    0x00345, 0x003B7, 0x00314, 0x00342, 0x00345, 0x00397, 0x00313, 0x00345,
    0x00397, 0x00314, 0x00345, 0x00397, 0x00313, 0x00300, 0x00345, 0x00397,
    0x00314, 0x00300, 0x00345, 0x00397, 0x00313, 0x00301, 0x00345, 0x00397,
    0x00314, 0x00301, 0x00345, 0x00397, 0x00313, 0x00342, 0x00345, 0x00397,
    0x00314, 0x00342, 0x00345, 0x003C9, 0x00313, 0x00345, 0x003C9, 0x00314,
    0x00345, 0x003C9, 0x00313, 0x00300, 0x00345, 0x003C9, 0x00314, 0x00300,
    0x00345, 0x003C9, 0x00313, 0x00301, 0x00345, 0x003C9, 0x00314, 0x00301,
    0x00345, 0x003C9, 0x00313, 0x00342, 0x00345, 0x003C9, 0x00314, 0x00342,
    0x00345, 0x003A9, 0x00313, 0x00345, 0x003A9, 0x00314, 0x00345, 0x003A9,
    0x00313, 0x00300, 0x00345, 0x003A9, 0x00314, 0x00300, 0x00345, 0x003A9,
    0x00313, 0x00301, 0x00345, 0x003A9, 0x00314, 0x00301, 0x00345, 0x003A9,
    0x00313, 0x00342, 0x00345, 0x003A9, 0x00314, 0x00342, 0x00345, 0x003B1,
    0x00306, 0x003B1, 0x00304, 0x003B1, 0x00300, 0x00345, 0x003B1, 0x00345,
    0x003B1, 0x00301, 0x00345, 0x003B1, 0x00342, 0x003B1, 0x00342, 0x00345,
    0x00391, 0x00306, 0x00391, 0x00304, 0x00391, 0x00300, 0x00391, 0x00301,
    0x00391, 0x00345, 0x00020, 0x00313, 0x003B9, 0x00020, 0x00313, 0x00020,
    0x00342, 0x00020, 0x00308, 0x00342, 0x003B7, 0x00300, 0x00345, 0x003B7,
    0x00345, 0x003B7, 0x00301, 0x00345, 0x003B7, 0x00342, 0x003B7, 0x00342,
    0x00345, 0x00395, 0x00300, 0x00395, 0x00301, 0x00397, 0x00300, 0x00397,
    0x00301, 0x00397, 0x00345, 0x00020, 0x00313, 0x00300, 0x00020, 0x00313,
    0x00301, 0x00020, 0x00313, 0x00342, 0x003B9, 0x00306, 0x003B9, 0x00304,
    0x003B9, 0x00308, 0x00300, 0x003B9, 0x00308, 0x00301, 0x003B9, 0x00342,
    0x003B9, 0x00308, 0x00342, 0x00399, 0x00306, 0x00399, 0x00304, 0x00399,
    0x00300, 0x00399, 0x00301, 0x00020, 0x00314, 0x00300, 0x00020, 0x00314,
    0x00301, 0x00020, 0x00314, 0x00342, 0x003C5, 0x00306, 0x003C5, 0x00304,
    0x003C5, 0x00308, 0x00300, 0x003C5, 0x00308, 0x00301, 0x003C1, 0x00313,
    0x003C1, 0x00314, 0x003C5, 0x00342, 0x003C5, 0x00308, 0x00342, 0x003A5,
    0x00306, 0x003A5, 0x00304, 0x003A5, 0x00300, 0x003A5, 0x00301, 0x003A1,
    0x00314, 0x00020, 0x00308, 0x00300, 0x00020, 0x00308, 0x00301, 0x00060,
    0x003C9, 0x00300, 0x00345, 0x003C9, 0x00345, 0x003C9, 0x00301, 0x00345,
    0x003C9, 0x00342, 0x003C9, 0x00342, 0x00345, 0x0039F, 0x00300, 0x0039F,
    0x00301, 0x003A9, 0x00300, 0x003A9, 0x00301, 0x003A9, 0x00345, 0x00020,
    0x00301, 0x00020, 0x00314, 0x00020, 0x00020, 0x00020, 0x00020, 0x00020,
    0x00020, 0x00020, 0x00020, 0x00020, 0x00020, 0x00020, 0x02010, 0x00020,
    0x00333, 0x0002E, 0x0002E, 0x0002E, 0x0002E, 0x0002E, 0x0002E, 0x00020,
    0x02032, 0x02032, 0x02032, 0x02032, 0x02032, 0x02035, 0x02035, 0x02035,
    0x02035, 0x02035, 0x00021, 0x00021, 0x00020, 0x00305, 0x0003F, 0x0003F,
    0x0003F, 0x00021, 0x00021, 0x0003F, 0x02032, 0x02032, 0x02032, 0x02032,
    0x00020, 0x00030, 0x00069, 0x00034, 0x00035, 0x00036, 0x00037, 0x00038,
    0x00039, 0x0002B, 0x02212, 0x0003D, 0x00028, 0x00029, 0x0006E, 0x00030,
    0x00031, 0x00032, 0x00033, 0x00034, 0x00035, 0x00036, 0x00037, 0x00038,
    0x00039, 0x0002B, 0x02212, 0x0003D, 0x00028, 0x00029, 0x00061, 0x00065,
    0x0006F, 0x00078, 0x00259, 0x00068, 0x0006B, 0x0006C, 0x0006D, 0x0006E,
    0x00070, 0x00073, 0x00074, 0x00052, 0x00073, 0x00061, 0x0002F, 0x00063,
    0x00061, 0x0002F, 0x00073, 0x00043, 0x000B0, 0x00043, 0x00063, 0x0002F,
    0x0006F, 0x00063, 0x0002F, 0x00075, 0x00190, 0x000B0, 0x00046, 0x00067,
    0x00048, 0x00048, 0x00048, 0x00068, 0x00127, 0x00049, 0x00049, 0x0004C,
    0x0006C, 0x0004E, 0x0004E, 0x0006F, 0x00050, 0x00051, 0x00052, 0x00052,
    0x00052, 0x00053, 0x0004D, 0x00054, 0x00045, 0x0004C, 0x00054, 0x0004D,
    0x0005A, 0x003A9, 0x0005A, 0x0004B, 0x00041, 0x0030A, 0x00042, 0x00043,
    0x00065, 0x00045, 0x00046, 0x0004D, 0x0006F, 0x005D0, 0x005D1, 0x005D2,
    0x005D3, 0x00069, 0x00046, 0x00041, 0x00058, 0x003C0, 0x003B3, 0x00393,
    0x003A0, 0x02211, 0x00044, 0x00064, 0x00065, 0x00069, 0x0006A, 0x00031,
    0x02044, 0x00037, 0x00031, 0x02044, 0x00039, 0x00031, 0x02044, 0x00031,
    0x00030, 0x00031, 0x02044, 0x00033, 0x00032, 0x02044, 0x00033, 0x00031,
    0x02044, 0x00035, 0x00032, 0x02044, 0x00035, 0x00033, 0x02044, 0x00035,
    0x00034, 0x02044, 0x00035, 0x00031, 0x02044, 0x00036, 0x00035, 0x02044,
    0x00036, 0x00031, 0x02044, 0x00038, 0x00033, 0x02044, 0x00038, 0x00035,
    0x02044, 0x00038, 0x00037, 0x02044, 0x00038, 0x00031, 0x02044, 0x00049,
    0x00049, 0x00049, 0x00049, 0x00049, 0x00049, 0x00049, 0x00056, 0x00056,
    0x00056, 0x00049, 0x00056, 0x00049, 0x00049, 0x00056, 0x00049, 0x00049,
    0x00049, 0x00049, 0x00058, 0x00058, 0x00058, 0x00049, 0x00058, 0x00049,
    0x00049, 0x0004C, 0x00043, 0x00044, 0x0004D, 0x00069, 0x00069, 0x00069,
    0x00069, 0x00069, 0x00069, 0x00069, 0x00076, 0x00076, 0x00076, 0x00069,
    0x00076, 0x00069, 0x00069, 0x00076, 0x00069, 0x00069, 0x00069, 0x00069,
    0x00078, 0x00078, 0x00078, 0x00069, 0x00078, 0x00069, 0x00069, 0x0006C,
    0x00063, 0x00064, 0x0006D, 0x00030, 0x02044, 0x00033, 0x00031, 0x00032,
    0x00033, 0x00034, 0x00035, 0x00036, 0x00037, 0x00038, 0x00039, 0x00031,
    0x00030, 0x00031, 0x00031, 0x00031, 0x00032, 0x00031, 0x00033, 0x00031,
    0x00034, 0x00031, 0x00035, 0x00031, 0x00036, 0x00031, 0x00037, 0x00031,
    0x00038, 0x00031, 0x00039, 0x00032, 0x00030, 0x00028, 0x00031, 0x00029,
    0x00028, 0x00032, 0x00029, 0x00028, 0x00033, 0x00029, 0x00028, 0x00034,
    0x00029, 0x00028, 0x00035, 0x00029, 0x00028, 0x00036, 0x00029, 0x00028,
    0x00037, 0x00029, 0x00028, 0x00038, 0x00029, 0x00028, 0x00039, 0x00029,
    0x00028, 0x00031, 0x00030, 0x00029, 0x00028, 0x00031, 0x00031, 0x00029,
    0x00028, 0x00031, 0x00032, 0x00029, 0x00028, 0x00031, 0x00033, 0x00029,
    0x00028, 0x00031, 0x00034, 0x00029, 0x00028, 0x00031, 0x00035, 0x00029,
    0x00028, 0x00031, 0x00036, 0x00029, 0x00028, 0x00031, 0x00037, 0x00029,
    0x00028, 0x00031, 0x00038, 0x00029, 0x00028, 0x00031, 0x00039, 0x00029,
    0x00028, 0x00032, 0x00030, 0x00029, 0x00031, 0x0002E, 0x00032, 0x0002E,
    0x00033, 0x0002E, 0x00034, 0x0002E, 0x00035, 0x0002E, 0x00036, 0x0002E,
    0x00037, 0x0002E, 0x00038, 0x0002E, 0x00039, 0x0002E, 0x00031, 0x00030,
    0x0002E, 0x00031, 0x00031, 0x0002E, 0x00031, 0x00032, 0x0002E, 0x00031,
    0x00033, 0x0002E, 0x00031, 0x00034, 0x0002E, 0x00031, 0x00035, 0x0002E,
    0x00031, 0x00036, 0x0002E, 0x00031, 0x00037, 0x0002E, 0x00031, 0x00038,
    0x0002E, 0x00031, 0x00039, 0x0002E, 0x00032, 0x00030, 0x0002E, 0x00028,
    0x00061, 0x00029, 0x00028, 0x00062, 0x00029, 0x00028, 0x00063, 0x00029,
    0x00028, 0x00064, 0x00029, 0x00028, 0x00065, 0x00029, 0x00028, 0x00066,
    0x00029, 0x00028, 0x00067, 0x00029, 0x00028, 0x00068, 0x00029, 0x00028,
    0x00069, 0x00029, 0x00028, 0x0006A, 0x00029, 0x00028, 0x0006B, 0x00029,
    0x00028, 0x0006C, 0x00029, 0x00028, 0x0006D, 0x00029, 0x00028, 0x0006E,
    0x00029, 0x00028, 0x0006F, 0x00029, 0x00028, 0x00070, 0x00029, 0x00028,
    0x00071, 0x00029, 0x00028, 0x00072, 0x00029, 0x00028, 0x00073, 0x00029,
    0x00028, 0x00074, 0x00029, 0x00028, 0x00075, 0x00029, 0x00028, 0x00076,
    0x00029, 0x00028, 0x00077, 0x00029, 0x00028, 0x00078, 0x00029, 0x00028,
    0x00079, 0x00029, 0x00028, 0x0007A, 0x00029, 0x00041, 0x00042, 0x00043,
    0x00044, 0x00045, 0x00046, 0x00047, 0x00048, 0x00049, 0x0004A, 0x0004B,
    0x0004C, 0x0004D, 0x0004E, 0x0004F, 0x00050, 0x00051, 0x00052, 0x00053,
    0x00054, 0x00055, 0x00056, 0x00057, 0x00058, 0x00059, 0x0005A, 0x00061,
    0x00062, 0x00063, 0x00064, 0x00065, 0x00066, 0x00067, 0x00068, 0x00069,
    0x0006A, 0x0006B, 0x0006C, 0x0006D, 0x0006E, 0x0006F, 0x00070, 0x00071,
    0x00072, 0x00073, 0x00074, 0x00075, 0x00076, 0x00077, 0x00078, 0x00079,
    0x0007A, 0x00030, 0x00020, 0x03012, 0x05341, 0x05344, 0x05345, 0x0304B,
    0x03099, 0x0304D, 0x03099, 0x0304F, 0x03099, 0x03051, 0x03099, 0x03053,
    0x03099, 0x03055, 0x03099, 0x03057, 0x03099, 0x03059, 0x03099, 0x0305B,
    0x03099, 0x0305D, 0x03099, 0x0305F, 0x03099, 0x03061, 0x03099, 0x03064,
    0x03099, 0x03066, 0x03099, 0x03068, 0x03099, 0x0306F, 0x03099, 0x0306F,
    0x0309A, 0x03072, 0x03099, 0x03072, 0x0309A, 0x03075, 0x03099, 0x03075,
    0x0309A, 0x03078, 0x03099, 0x03078, 0x0309A, 0x0307B, 0x03099, 0x0307B,
    0x0309A, 0x03046, 0x03099, 0x00020, 0x03099, 0x00020, 0x0309A, 0x0309D,
    0x03099, 0x03088, 0x0308A, 0x030AB, 0x03099, 0x030AD, 0x03099, 0x030AF,
    0x03099, 0x030B1, 0x03099, 0x030B3, 0x03099, 0x030B5, 0x03099, 0x030B7,
    0x03099, 0x030B9, 0x03099, 0x030BB, 0x03099, 0x030BD, 0x03099, 0x030BF,
    0x03099, 0x030C1, 0x03099, 0x030C4, 0x03099, 0x030C6, 0x03099, 0x030C8,
    0x03099, 0x030CF, 0x03099, 0x030CF, 0x0309A, 0x030D2, 0x03099, 0x030D2,
    0x0309A, 0x030D5, 0x03099, 0x030D5, 0x0309A, 0x030D8, 0x03099, 0x030D8,
    0x0309A, 0x030DB, 0x03099, 0x030DB, 0x0309A, 0x030A6, 0x03099, 0x030EF,
    0x03099, 0x030F0, 0x03099, 0x030F1, 0x03099, 0x030F2, 0x03099, 0x030FD,
    0x03099, 0x030B3, 0x030C8, 0x01100, 0x01101, 0x011AA, 0x01102, 0x011AC,
    0x011AD, 0x01103, 0x01104, 0x01105, 0x011B0, 0x011B1, 0x011B2, 0x011B3,
    0x011B4, 0x011B5, 0x0111A, 0x01106, 0x01107, 0x01108, 0x01121, 0x01109,
    0x0110A, 0x0110B, 0x0110C, 0x0110D, 0x0110E, 0x0110F, 0x01110, 0x01111,
    0x01112, 0x01161, 0x01162, 0x01163, 0x01164, 0x01165, 0x01166, 0x01167,
    0x01168, 0x01169, 0x0116A, 0x0116B, 0x0116C, 0x0116D, 0x0116E, 0x0116F,
    0x01170, 0x01171, 0x01172, 0x01173, 0x01174, 0x01175, 0x01160, 0x01114,
    0x01115, 0x011C7, 0x011C8, 0x011CC, 0x011CE, 0x011D3, 0x011D7, 0x011D9,
    0x0111C, 0x011DD, 0x011DF, 0x0111D, 0x0111E, 0x01120, 0x01122, 0x01123,
    0x01127, 0x01129, 0x0112B, 0x0112C, 0x0112D, 0x0112E, 0x0112F, 0x01132,
    0x01136, 0x01140, 0x01147, 0x0114C, 0x011F1, 0x011F2, 0x01157, 0x01158,
    0x01159, 0x01184, 0x01185, 0x01188, 0x01191, 0x01192, 0x01194, 0x0119E,
    0x011A1, 0x00066, 0x00066, 0x00066, 0x00069, 0x00066, 0x0006C, 0x00066,
    0x00066, 0x00069, 0x00066, 0x00066, 0x0006C, 0x00073, 0x00074, 0x00073,
    0x00074, 0x00574, 0x00576, 0x00574, 0x00565, 0x00574, 0x0056B, 0x0057E,
    0x00576, 0x00574, 0x0056D, 0x005D9, 0x005B4, 0x005F2, 0x005B7, 0x005E2,
    0x005D0, 0x005D3, 0x005D4, 0x005DB, 0x005DC, 0x005DD, 0x005E8, 0x005EA,
    0x0002B, 0x005E9, 0x005C1, 0x005E9, 0x005C2, 0x005E9, 0x005BC, 0x005C1,
    0x005E9, 0x005BC, 0x005C2, 0x005D0, 0x005B7, 0x005D0, 0x005B8, 0x005D0,
    0x005BC, 0x005D1, 0x005BC, 0x005D2, 0x005BC, 0x005D3, 0x005BC, 0x005D4,
    0x005BC, 0x005D5, 0x005BC, 0x005D6, 0x005BC, 0x005D8, 0x005BC, 0x005D9,
    0x005BC, 0x005DA, 0x005BC, 0x005DB, 0x005BC, 0x005DC, 0x005BC, 0x005DE,
    0x005BC, 0x005E0, 0x005BC, 0x005E1, 0x005BC, 0x005E3, 0x005BC, 0x005E4,
    0x005BC, 0x005E6, 0x005BC, 0x005E7, 0x005BC, 0x005E8, 0x005BC, 0x005E9,
    0x005BC, 0x005EA, 0x005BC, 0x005D5, 0x005B9, 0x005D1, 0x005BF, 0x005DB,
    0x005BF, 0x005E4, 0x005BF, 0x005D0, 0x005DC, 0x00671, 0x00671, 0x0067B,
    0x0067B, 0x0067B, 0x0067B, 0x0067E, 0x0067E, 0x0067E, 0x0067E, 0x00680,
    0x00680, 0x00680, 0x00680, 0x0067A, 0x0067A, 0x0067A, 0x0067A, 0x0067F,
    0x0067F, 0x0067F, 0x0067F, 0x00679, 0x00679, 0x00679, 0x00679, 0x006A4,
    0x006A4, 0x006A4, 0x006A4, 0x006A6, 0x006A6, 0x006A6, 0x006A6, 0x00684,
    0x00684, 0x00684, 0x00684, 0x00683, 0x00683, 0x00683, 0x00683, 0x00686,
    0x00686, 0x00686, 0x00686, 0x00687, 0x00687, 0x00687, 0x00687, 0x0068D,
    0x0068D, 0x0068C, 0x0068C, 0x0068E, 0x0068E, 0x00688, 0x00688, 0x00698,
    0x00698, 0x00691, 0x00691, 0x006A9, 0x006A9, 0x006A9, 0x006A9, 0x006AF,
    0x006AF, 0x006AF, 0x006AF, 0x006B3, 0x006B3, 0x006B3, 0x006B3, 0x006B1,
    0x006B1, 0x006B1, 0x006B1, 0x006BA, 0x006BA, 0x006BB, 0x006BB, 0x006BB,
    0x006BB, 0x006D5, 0x00654, 0x006D5, 0x00654, 0x006C1, 0x006C1, 0x006C1,
    0x006C1, 0x006BE, 0x006BE, 0x006BE, 0x006BE, 0x006D2, 0x006D2, 0x006D2,
    0x00654, 0x006D2, 0x00654, 0x006AD, 0x006AD, 0x006AD, 0x006AD, 0x006C7,
    0x006C7, 0x006C6, 0x006C6, 0x006C8, 0x006C8, 0x006C7, 0x00674, 0x006CB,
    0x006CB, 0x006C5, 0x006C5, 0x006C9, 0x006C9, 0x006D0, 0x006D0, 0x006D0,
    0x006D0, 0x00649, 0x00649, 0x0064A, 0x00654, 0x00627, 0x0064A, 0x00654,
    0x00627, 0x0064A, 0x00654, 0x006D5, 0x0064A, 0x00654, 0x006D5, 0x0064A,
    0x00654, 0x00648, 0x0064A, 0x00654, 0x00648, 0x0064A, 0x00654, 0x006C7,
    0x0064A, 0x00654, 0x006C7, 0x0064A, 0x00654, 0x006C6, 0x0064A, 0x00654,
    0x006C6, 0x0064A, 0x00654, 0x006C8, 0x0064A, 0x00654, 0x006C8, 0x0064A,
    0x00654, 0x006D0, 0x0064A, 0x00654, 0x006D0, 0x0064A, 0x00654, 0x006D0,
    0x0064A, 0x00654, 0x00649, 0x0064A, 0x00654, 0x00649, 0x0064A, 0x00654,
    0x00649, 0x006CC, 0x006CC, 0x006CC, 0x006CC, 0x0064A, 0x00654, 0x0062C,
    0x0064A, 0x00654, 0x0062D, 0x0064A, 0x00654, 0x00645, 0x0064A, 0x00654,
    0x00649, 0x0064A, 0x00654, 0x0064A, 0x00628, 0x0062C, 0x00628, 0x0062D,
    0x00628, 0x0062E, 0x00628, 0x00645, 0x00628, 0x00649, 0x00628, 0x0064A,
    0x0062A, 0x0062C, 0x0062A, 0x0062D, 0x0062A, 0x0062E, 0x0062A, 0x00645,
    0x0062A, 0x00649, 0x0062A, 0x0064A, 0x0062B, 0x0062C, 0x0062B, 0x00645,
    0x0062B, 0x00649, 0x0062B, 0x0064A, 0x0062C, 0x0062D, 0x0062C, 0x00645,
    0x0062D, 0x0062C, 0x0062D, 0x00645, 0x0062E, 0x0062C, 0x0062E, 0x0062D,
    0x0062E, 0x00645, 0x00633, 0x0062C, 0x00633, 0x0062D, 0x00633, 0x0062E,
    0x00633, 0x00645, 0x00635, 0x0062D, 0x00635, 0x00645, 0x00636, 0x0062C,
    0x00636, 0x0062D, 0x00636, 0x0062E, 0x00636, 0x00645, 0x00637, 0x0062D,
    0x00637, 0x00645, 0x00638, 0x00645, 0x00639, 0x0062C, 0x00639, 0x00645,
    0x0063A, 0x0062C, 0x0063A, 0x00645, 0x00641, 0x0062C, 0x00641, 0x0062D,
    0x00641, 0x0062E, 0x00641, 0x00645, 0x00641, 0x00649, 0x00641, 0x0064A,
    0x00642, 0x0062D, 0x00642, 0x00645, 0x00642, 0x00649, 0x00642, 0x0064A,
    0x00643, 0x00627, 0x00643, 0x0062C, 0x00643, 0x0062D, 0x00643, 0x0062E,
    0x00643, 0x00644, 0x00643, 0x00645, 0x00643, 0x00649, 0x00643, 0x0064A,
    0x00644, 0x0062C, 0x00644, 0x0062D, 0x00644, 0x0062E, 0x00644, 0x00645,
    0x00644, 0x00649, 0x00644, 0x0064A, 0x00645, 0x0062C, 0x00645, 0x0062D,
    0x00645, 0x0062E, 0x00645, 0x00645, 0x00645, 0x00649, 0x00645, 0x0064A,
    0x00646, 0x0062C, 0x00646, 0x0062D, 0x00646, 0x0062E, 0x00646, 0x00645,
    0x00646, 0x00649, 0x00646, 0x0064A, 0x00647, 0x0062C, 0x00647, 0x00645,
    0x00647, 0x00649, 0x00647, 0x0064A, 0x0064A, 0x0062C, 0x0064A, 0x0062D,
    0x0064A, 0x0062E, 0x0064A, 0x00645, 0x0064A, 0x00649, 0x0064A, 0x0064A,
    0x00630, 0x00670, 0x00631, 0x00670, 0x00649, 0x00670, 0x00020, 0x0064C,
    0x00651, 0x00020, 0x0064D, 0x00651, 0x00020, 0x0064E, 0x00651, 0x00020,
    0x0064F, 0x00651, 0x00020, 0x00650, 0x00651, 0x00020, 0x00651, 0x00670,
    0x0064A, 0x00654, 0x00631, 0x0064A, 0x00654, 0x00632, 0x0064A, 0x00654,
    0x00645, 0x0064A, 0x00654, 0x00646, 0x0064A, 0x00654, 0x00649, 0x0064A,
    0x00654, 0x0064A, 0x00628, 0x00631, 0x00628, 0x00632, 0x00628, 0x00645,
    0x00628, 0x00646, 0x00628, 0x00649, 0x00628, 0x0064A, 0x0062A, 0x00631,
    0x0062A, 0x00632, 0x0062A, 0x00645, 0x0062A, 0x00646, 0x0062A, 0x00649,
    0x0062A, 0x0064A, 0x0062B, 0x00631, 0x0062B, 0x00632, 0x0062B, 0x00645,
    0x0062B, 0x00646, 0x0062B, 0x00649, 0x0062B, 0x0064A, 0x00641, 0x00649,
    0x00641, 0x0064A, 0x00642, 0x00649, 0x00642, 0x0064A, 0x00643, 0x00627,
    0x00643, 0x00644, 0x00643, 0x00645, 0x00643, 0x00649, 0x00643, 0x0064A,
    0x00644, 0x00645, 0x00644, 0x00649, 0x00644, 0x0064A, 0x00645, 0x00627,
    0x00645, 0x00645, 0x00646, 0x00631, 0x00646, 0x00632, 0x00646, 0x00645,
    0x00646, 0x00646, 0x00646, 0x00649, 0x00646, 0x0064A, 0x00649, 0x00670,
    0x0064A, 0x00631, 0x0064A, 0x00632, 0x0064A, 0x00645, 0x0064A, 0x00646,
    0x0064A, 0x00649, 0x0064A, 0x0064A, 0x0064A, 0x00654, 0x0062C, 0x0064A,
    0x00654, 0x0062D, 0x0064A, 0x00654, 0x0062E, 0x0064A, 0x00654, 0x00645,
    0x0064A, 0x00654, 0x00647, 0x00628, 0x0062C, 0x00628, 0x0062D, 0x00628,
    0x0062E, 0x00628, 0x00645, 0x00628, 0x00647, 0x0062A, 0x0062C, 0x0062A,
    0x0062D, 0x0062A, 0x0062E, 0x0062A, 0x00645, 0x0062A, 0x00647, 0x0062B,
    0x00645, 0x0062C, 0x0062D, 0x0062C, 0x00645, 0x0062D, 0x0062C, 0x0062D,
    0x00645, 0x0062E, 0x0062C, 0x0062E, 0x00645, 0x00633, 0x0062C, 0x00633,
    0x0062D, 0x00633, 0x0062E, 0x00633, 0x00645, 0x00635, 0x0062D, 0x00635,
    0x0062E, 0x00635, 0x00645, 0x00636, 0x0062C, 0x00636, 0x0062D, 0x00636,
    0x0062E, 0x00636, 0x00645, 0x00637, 0x0062D, 0x00638, 0x00645, 0x00639,
    0x0062C, 0x00639, 0x00645, 0x0063A, 0x0062C, 0x0063A, 0x00645, 0x00641,
    0x0062C, 0x00641, 0x0062D, 0x00641, 0x0062E, 0x00641, 0x00645, 0x00642,
    0x0062D, 0x00642, 0x00645, 0x00643, 0x0062C, 0x00643, 0x0062D, 0x00643,
    0x0062E, 0x00643, 0x00644, 0x00643, 0x00645, 0x00644, 0x0062C, 0x00644,
    0x0062D, 0x00644, 0x0062E, 0x00644, 0x00645, 0x00644, 0x00647, 0x00645,
    0x0062C, 0x00645, 0x0062D, 0x00645, 0x0062E, 0x00645, 0x00645, 0x00646,
    0x0062C, 0x00646, 0x0062D, 0x00646, 0x0062E, 0x00646, 0x00645, 0x00646,
    0x00647, 0x00647, 0x0062C, 0x00647, 0x00645, 0x00647, 0x00670, 0x0064A,
    0x0062C, 0x0064A, 0x0062D, 0x0064A, 0x0062E, 0x0064A, 0x00645, 0x0064A,
    0x00647, 0x0064A, 0x00654, 0x00645, 0x0064A, 0x00654, 0x00647, 0x00628,
    0x00645, 0x00628, 0x00647, 0x0062A, 0x00645, 0x0062A, 0x00647, 0x0062B,
    0x00645, 0x0062B, 0x00647, 0x00633, 0x00645, 0x00633, 0x00647, 0x00634,
    0x00645, 0x00634, 0x00647, 0x00643, 0x00644, 0x00643, 0x00645, 0x00644,
    0x00645, 0x00646, 0x00645, 0x00646, 0x00647, 0x0064A, 0x00645, 0x0064A,
    0x00647, 0x00640, 0x0064E, 0x00651, 0x00640, 0x0064F, 0x00651, 0x00640,
    0x00650, 0x00651, 0x00637, 0x00649, 0x00637, 0x0064A, 0x00639, 0x00649,
    0x00639, 0x0064A, 0x0063A, 0x00649, 0x0063A, 0x0064A, 0x00633, 0x00649,
    0x00633, 0x0064A, 0x00634, 0x00649, 0x00634, 0x0064A, 0x0062D, 0x00649,
    0x0062D, 0x0064A, 0x0062C, 0x00649, 0x0062C, 0x0064A, 0x0062E, 0x00649,
    0x0062E, 0x0064A, 0x00635, 0x00649, 0x00635, 0x0064A, 0x00636, 0x00649,
    0x00636, 0x0064A, 0x00634, 0x0062C, 0x00634, 0x0062D, 0x00634, 0x0062E,
    0x00634, 0x00645, 0x00634, 0x00631, 0x00633, 0x00631, 0x00635, 0x00631,
    0x00636, 0x00631, 0x00637, 0x00649, 0x00637, 0x0064A, 0x00639, 0x00649,
    0x00639, 0x0064A, 0x0063A, 0x00649, 0x0063A, 0x0064A, 0x00633, 0x00649,
    0x00633, 0x0064A, 0x00634, 0x00649, 0x00634, 0x0064A, 0x0062D, 0x00649,
    0x0062D, 0x0064A, 0x0062C, 0x00649, 0x0062C, 0x0064A, 0x0062E, 0x00649,
    0x0062E, 0x0064A, 0x00635, 0x00649, 0x00635, 0x0064A, 0x00636, 0x00649,
    0x00636, 0x0064A, 0x00634, 0x0062C, 0x00634, 0x0062D, 0x00634, 0x0062E,
    0x00634, 0x00645, 0x00634, 0x00631, 0x00633, 0x00631, 0x00635, 0x00631,
    0x00636, 0x00631, 0x00634, 0x0062C, 0x00634, 0x0062D, 0x00634, 0x0062E,
    0x00634, 0x00645, 0x00633, 0x00647, 0x00634, 0x00647, 0x00637, 0x00645,
    0x00633, 0x0062C, 0x00633, 0x0062D, 0x00633, 0x0062E, 0x00634, 0x0062C,
    0x00634, 0x0062D, 0x00634, 0x0062E, 0x00637, 0x00645, 0x00638, 0x00645,
    0x00627, 0x0064B, 0x00627, 0x0064B, 0x0062A, 0x0062C, 0x00645, 0x0062A,
    0x0062D, 0x0062C, 0x0062A, 0x0062D, 0x0062C, 0x0062A, 0x0062D, 0x00645,
    0x0062A, 0x0062E, 0x00645, 0x0062A, 0x00645, 0x0062C, 0x0062A, 0x00645,
    0x0062D, 0x0062A, 0x00645, 0x0062E, 0x0062C, 0x00645, 0x0062D, 0x0062C,
    0x00645, 0x0062D, 0x0062D, 0x00645, 0x0064A, 0x0062D, 0x00645, 0x00649,
    0x00633, 0x0062D, 0x0062C, 0x00633, 0x0062C, 0x0062D, 0x00633, 0x0062C,
    0x00649, 0x00633, 0x00645, 0x0062D, 0x00633, 0x00645, 0x0062D, 0x00633,
    0x00645, 0x0062C, 0x00633, 0x00645, 0x00645, 0x00633, 0x00645, 0x00645,
    0x00635, 0x0062D, 0x0062D, 0x00635, 0x0062D, 0x0062D, 0x00635, 0x00645,
    0x00645, 0x00634, 0x0062D, 0x00645, 0x00634, 0x0062D, 0x00645, 0x00634,
    0x0062C, 0x0064A, 0x00634, 0x00645, 0x0062E, 0x00634, 0x00645, 0x0062E,
    0x00634, 0x00645, 0x00645, 0x00634, 0x00645, 0x00645, 0x00636, 0x0062D,
    0x00649, 0x00636, 0x0062E, 0x00645, 0x00636, 0x0062E, 0x00645, 0x00637,
    0x00645, 0x0062D, 0x00637, 0x00645, 0x0062D, 0x00637, 0x00645, 0x00645,
    0x00637, 0x00645, 0x0064A, 0x00639, 0x0062C, 0x00645, 0x00639, 0x00645,
    0x00645, 0x00639, 0x00645, 0x00645, 0x00639, 0x00645, 0x00649, 0x0063A,
    0x00645, 0x00645, 0x0063A, 0x00645, 0x0064A, 0x0063A, 0x00645, 0x00649,
    0x00641, 0x0062E, 0x00645, 0x00641, 0x0062E, 0x00645, 0x00642, 0x00645,
    0x0062D, 0x00642, 0x00645, 0x00645, 0x00644, 0x0062D, 0x00645, 0x00644,
    0x0062D, 0x0064A, 0x00644, 0x0062D, 0x00649, 0x00644, 0x0062C, 0x0062C,
    0x00644, 0x0062C, 0x0062C, 0x00644, 0x0062E, 0x00645, 0x00644, 0x0062E,
    0x00645, 0x00644, 0x00645, 0x0062D, 0x00644, 0x00645, 0x0062D, 0x00645,
    0x0062D, 0x0062C, 0x00645, 0x0062D, 0x00645, 0x00645, 0x0062D, 0x0064A,
    0x00645, 0x0062C, 0x0062D, 0x00645, 0x0062C, 0x00645, 0x00645, 0x0062E,
    0x0062C, 0x00645, 0x0062E, 0x00645, 0x00645, 0x0062C, 0x0062E, 0x00647,
    0x00645, 0x0062C, 0x00647, 0x00645, 0x00645, 0x00646, 0x0062D, 0x00645,
    0x00646, 0x0062D, 0x00649, 0x00646, 0x0062C, 0x00645, 0x00646, 0x0062C,
    0x00645, 0x00646, 0x0062C, 0x00649, 0x00646, 0x00645, 0x0064A, 0x00646,
    0x00645, 0x00649, 0x0064A, 0x00645, 0x00645, 0x0064A, 0x00645, 0x00645,
    0x00628, 0x0062E, 0x0064A, 0x0062A, 0x0062C, 0x0064A, 0x0062A, 0x0062C,
    0x00649, 0x0062A, 0x0062E, 0x0064A, 0x0062A, 0x0062E, 0x00649, 0x0062A,
    0x00645, 0x0064A, 0x0062A, 0x00645, 0x00649, 0x0062C, 0x00645, 0x0064A,
    0x0062C, 0x0062D, 0x00649, 0x0062C, 0x00645, 0x00649, 0x00633, 0x0062E,
    0x00649, 0x00635, 0x0062D, 0x0064A, 0x00634, 0x0062D, 0x0064A, 0x00636,
    0x0062D, 0x0064A, 0x00644, 0x0062C, 0x0064A, 0x00644, 0x00645, 0x0064A,
    0x0064A, 0x0062D, 0x0064A, 0x0064A, 0x0062C, 0x0064A, 0x0064A, 0x00645,
    0x0064A, 0x00645, 0x00645, 0x0064A, 0x00642, 0x00645, 0x0064A, 0x00646,
    0x0062D, 0x0064A, 0x00642, 0x00645, 0x0062D, 0x00644, 0x0062D, 0x00645,
    0x00639, 0x00645, 0x0064A, 0x00643, 0x00645, 0x0064A, 0x00646, 0x0062C,
    0x0062D, 0x00645, 0x0062E, 0x0064A, 0x00644, 0x0062C, 0x00645, 0x00643,
    0x00645, 0x00645, 0x00644, 0x0062C, 0x00645, 0x00646, 0x0062C, 0x0062D,
    0x0062C, 0x0062D, 0x0064A, 0x0062D, 0x0062C, 0x0064A, 0x00645, 0x0062C,
    0x0064A, 0x00641, 0x00645, 0x0064A, 0x00628, 0x0062D, 0x0064A, 0x00643,
    0x00645, 0x00645, 0x00639, 0x0062C, 0x00645, 0x00635, 0x00645, 0x00645,
    0x00633, 0x0062E, 0x0064A, 0x00646, 0x0062C, 0x0064A, 0x00635, 0x00644,
    0x006D2, 0x00642, 0x00644, 0x006D2, 0x00627, 0x00644, 0x00644, 0x00647,
    0x00627, 0x00643, 0x00628, 0x00631, 0x00645, 0x0062D, 0x00645, 0x0062F,
    0x00635, 0x00644, 0x00639, 0x00645, 0x00631, 0x00633, 0x00648, 0x00644,
    0x00639, 0x00644, 0x0064A, 0x00647, 0x00648, 0x00633, 0x00644, 0x00645,
    0x00635, 0x00644, 0x00649, 0x00635, 0x00644, 0x00649, 0x00020, 0x00627,
    0x00644, 0x00644, 0x00647, 0x00020, 0x00639, 0x00644, 0x0064A, 0x00647,
    0x00020, 0x00648, 0x00633, 0x00644, 0x00645, 0x0062C, 0x00644, 0x00020,
    0x0062C, 0x00644, 0x00627, 0x00644, 0x00647, 0x00631, 0x006CC, 0x00627,
    0x00644, 0x0002E, 0x0002E, 0x02014, 0x02013, 0x0005F, 0x0005F, 0x00028,
    0x00029, 0x0007B, 0x0007D, 0x03014, 0x03015, 0x03010, 0x03011, 0x0300A,
    0x0300B, 0x03008, 0x03009, 0x0300C, 0x0300D, 0x0300E, 0x0300F, 0x0005B,
    0x0005D, 0x00020, 0x00305, 0x00020, 0x00305, 0x00020, 0x00305, 0x00020,
    0x00305, 0x0005F, 0x0005F, 0x0005F, 0x00020, 0x0064B, 0x00640, 0x0064B,
    0x00020, 0x0064C, 0x00020, 0x0064D, 0x00020, 0x0064E, 0x00640, 0x0064E,
    0x00020, 0x0064F, 0x00640, 0x0064F, 0x00020, 0x00650, 0x00640, 0x00650,
    0x00020, 0x00651, 0x00640, 0x00651, 0x00020, 0x00652, 0x00640, 0x00652,
    0x00621, 0x00627, 0x00653, 0x00627, 0x00653, 0x00627, 0x00654, 0x00627,
    0x00654, 0x00648, 0x00654, 0x00648, 0x00654, 0x00627, 0x00655, 0x00627,
    0x00655, 0x0064A, 0x00654, 0x0064A, 0x00654, 0x0064A, 0x00654, 0x0064A,
    0x00654, 0x00627, 0x00627, 0x00628, 0x00628, 0x00628, 0x00628, 0x00629,
    0x00629, 0x0062A, 0x0062A, 0x0062A, 0x0062A, 0x0062B, 0x0062B, 0x0062B,
    0x0062B, 0x0062C, 0x0062C, 0x0062C, 0x0062C, 0x0062D, 0x0062D, 0x0062D,
    0x0062D, 0x0062E, 0x0062E, 0x0062E, 0x0062E, 0x0062F, 0x0062F, 0x00630,
    0x00630, 0x00631, 0x00631, 0x00632, 0x00632, 0x00633, 0x00633, 0x00633,
    0x00633, 0x00634, 0x00634, 0x00634, 0x00634, 0x00635, 0x00635, 0x00635,
    0x00635, 0x00636, 0x00636, 0x00636, 0x00636, 0x00637, 0x00637, 0x00637,
    0x00637, 0x00638, 0x00638, 0x00638, 0x00638, 0x00639, 0x00639, 0x00639,
    0x00639, 0x0063A, 0x0063A, 0x0063A, 0x0063A, 0x00641, 0x00641, 0x00641,
    0x00641, 0x00642, 0x00642, 0x00642, 0x00642, 0x00643, 0x00643, 0x00643,
    0x00643, 0x00644, 0x00644, 0x00644, 0x00644, 0x00645, 0x00645, 0x00645,
    0x00645, 0x00646, 0x00646, 0x00646, 0x00646, 0x00647, 0x00647, 0x00647,
    0x00647, 0x00648, 0x00648, 0x00649, 0x00649, 0x0064A, 0x0064A, 0x0064A,
    0x0064A, 0x00644, 0x00627, 0x00653, 0x00644, 0x00627, 0x00653, 0x00644,
    0x00627, 0x00654, 0x00644, 0x00627, 0x00654, 0x00644, 0x00627, 0x00655,
    0x00644, 0x00627, 0x00655, 0x00644, 0x00627, 0x00644, 0x00627, 0x00021,
    0x00022, 0x00023, 0x00024, 0x00025, 0x00026, 0x00027, 0x00028, 0x00029,
    0x0002A, 0x0002B, 0x0002C, 0x0002D, 0x0002E, 0x0002F, 0x00030, 0x00031,
    0x00032, 0x00033, 0x00034, 0x00035, 0x00036, 0x00037, 0x00038, 0x00039,
    0x0003A, 0x0003B, 0x0003C, 0x0003D, 0x0003E, 0x0003F, 0x00040, 0x00041,
    0x00042, 0x00043, 0x00044, 0x00045, 0x00046, 0x00047, 0x00048, 0x00049,
    0x0004A, 0x0004B, 0x0004C, 0x0004D, 0x0004E, 0x0004F, 0x00050, 0x00051,
    0x00052, 0x00053, 0x00054, 0x00055, 0x00056, 0x00057, 0x00058, 0x00059,
    0x0005A, 0x0005B, 0x0005C, 0x0005D, 0x0005E, 0x0005F, 0x00060, 0x00061,
    0x00062, 0x00063, 0x00064, 0x00065, 0x00066, 0x00067, 0x00068, 0x00069,
    0x0006A, 0x0006B, 0x0006C, 0x0006D, 0x0006E, 0x0006F, 0x00070, 0x00071,
    0x00072, 0x00073, 0x00074, 0x00075, 0x00076, 0x00077, 0x00078, 0x00079,
    0x0007A, 0x0007B, 0x0007C, 0x0007D, 0x0007E, 0x02985, 0x02986, 0x03002,
    0x0300C, 0x0300D, 0x03001, 0x030FB, 0x030F2, 0x030A1, 0x030A3, 0x030A5,
    0x030A7, 0x030A9, 0x030E3, 0x030E5, 0x030E7, 0x030C3, 0x030FC, 0x030A2,
    0x030A4, 0x030A6, 0x030A8, 0x030AA, 0x030AB, 0x030AD, 0x030AF, 0x030B1,
    0x030B3, 0x030B5, 0x030B7, 0x030B9, 0x030BB, 0x030BD, 0x030BF, 0x030C1,
    0x030C4, 0x030C6, 0x030C8, 0x030CA, 0x030CB, 0x030CC, 0x030CD, 0x030CE,
    0x030CF, 0x030D2, 0x030D5, 0x030D8, 0x030DB, 0x030DE, 0x030DF, 0x030E0,
    0x030E1, 0x030E2, 0x030E4, 0x030E6, 0x030E8, 0x030E9, 0x030EA, 0x030EB,
    0x030EC, 0x030ED, 0x030EF, 0x030F3, 0x03099, 0x0309A, 0x01160, 0x01100,
    0x01101, 0x011AA, 0x01102, 0x011AC, 0x011AD, 0x01103, 0x01104, 0x01105,
    0x011B0, 0x011B1, 0x011B2, 0x011B3, 0x011B4, 0x011B5, 0x0111A, 0x01106,
    0x01107, 0x01108, 0x01121, 0x01109, 0x0110A, 0x0110B, 0x0110C, 0x0110D,
    0x0110E, 0x0110F, 0x01110, 0x01111, 0x01112, 0x01161, 0x01162, 0x01163,
    0x01164, 0x01165, 0x01166, 0x01167, 0x01168, 0x01169, 0x0116A, 0x0116B,
    0x0116C, 0x0116D, 0x0116E, 0x0116F, 0x01170, 0x01171, 0x01172, 0x01173,
    0x01174, 0x01175, 0x000A2, 0x000A3, 0x000AC, 0x00020, 0x00304, 0x000A6,
    0x000A5, 0x020A9, 0x02502, 0x02190, 0x02191, 0x02192, 0x02193, 0x025A0,
    0x025CB,
};
static const mtl_unicode_entry k_mtl_nfkd_table[] = {
    {0x000A0, 0, 1},
    {0x000A8, 1, 2},
    {0x000AA, 3, 1},
    {0x000AF, 4, 2},
    {0x000B2, 6, 1},
    {0x000B3, 7, 1},
    {0x000B4, 8, 2},
    {0x000B5, 10, 1},
    {0x000B8, 11, 2},
    {0x000B9, 13, 1},
    {0x000BA, 14, 1},
    {0x000BC, 15, 3},
    {0x000BD, 18, 3},
    {0x000BE, 21, 3},
    {0x000C0, 24, 2},
    {0x000C1, 26, 2},
    {0x000C2, 28, 2},
    {0x000C3, 30, 2},
    {0x000C4, 32, 2},
    {0x000C5, 34, 2},
    {0x000C7, 36, 2},
    {0x000C8, 38, 2},
    {0x000C9, 40, 2},
    {0x000CA, 42, 2},
    {0x000CB, 44, 2},
    {0x000CC, 46, 2},
    {0x000CD, 48, 2},
    {0x000CE, 50, 2},
    {0x000CF, 52, 2},
    {0x000D1, 54, 2},
    {0x000D2, 56, 2},
    {0x000D3, 58, 2},
    {0x000D4, 60, 2},
    {0x000D5, 62, 2},
    {0x000D6, 64, 2},
    {0x000D9, 66, 2},
    {0x000DA, 68, 2},
    {0x000DB, 70, 2},
    {0x000DC, 72, 2},
    {0x000DD, 74, 2},
    {0x000E0, 76, 2},
    {0x000E1, 78, 2},
    {0x000E2, 80, 2},
    {0x000E3, 82, 2},
    {0x000E4, 84, 2},
    {0x000E5, 86, 2},
    {0x000E7, 88, 2},
    {0x000E8, 90, 2},
    {0x000E9, 92, 2},
    {0x000EA, 94, 2},
    {0x000EB, 96, 2},
    {0x000EC, 98, 2},
    {0x000ED, 100, 2},
    {0x000EE, 102, 2},
    {0x000EF, 104, 2},
    {0x000F1, 106, 2},
    {0x000F2, 108, 2},
    {0x000F3, 110, 2},
    {0x000F4, 112, 2},
    {0x000F5, 114, 2},
    {0x000F6, 116, 2},
    {0x000F9, 118, 2},
    {0x000FA, 120, 2},
    {0x000FB, 122, 2},
    {0x000FC, 124, 2},
    {0x000FD, 126, 2},
    {0x000FF, 128, 2},
    {0x00100, 130, 2},
    {0x00101, 132, 2},
    {0x00102, 134, 2},
    {0x00103, 136, 2},
    {0x00104, 138, 2},
    {0x00105, 140, 2},
    {0x00106, 142, 2},
    {0x00107, 144, 2},
    {0x00108, 146, 2},
    {0x00109, 148, 2},
    {0x0010A, 150, 2},
    {0x0010B, 152, 2},
    {0x0010C, 154, 2},
    {0x0010D, 156, 2},
    {0x0010E, 158, 2},
    {0x0010F, 160, 2},
    {0x00112, 162, 2},
    {0x00113, 164, 2},
    {0x00114, 166, 2},
    {0x00115, 168, 2},
    {0x00116, 170, 2},
    {0x00117, 172, 2},
    {0x00118, 174, 2},
    {0x00119, 176, 2},
    {0x0011A, 178, 2},
    {0x0011B, 180, 2},
    {0x0011C, 182, 2},
    {0x0011D, 184, 2},
    {0x0011E, 186, 2},
    {0x0011F, 188, 2},
    {0x00120, 190, 2},
    {0x00121, 192, 2},
    {0x00122, 194, 2},
    {0x00123, 196, 2},
    {0x00124, 198, 2},
    {0x00125, 200, 2},
    {0x00128, 202, 2},
    {0x00129, 204, 2},
    {0x0012A, 206, 2},
    {0x0012B, 208, 2},
    {0x0012C, 210, 2},
    {0x0012D, 212, 2},
    {0x0012E, 214, 2},
    {0x0012F, 216, 2},
    {0x00130, 218, 2},
    {0x00132, 220, 2},
    {0x00133, 222, 2},
    {0x00134, 224, 2},
    {0x00135, 226, 2},
    {0x00136, 228, 2},
    {0x00137, 230, 2},
    {0x00139, 232, 2},
    {0x0013A, 234, 2},
    {0x0013B, 236, 2},
    {0x0013C, 238, 2},
    {0x0013D, 240, 2},
    {0x0013E, 242, 2},
    {0x0013F, 244, 2},
    {0x00140, 246, 2},
    {0x00143, 248, 2},
    {0x00144, 250, 2},
    {0x00145, 252, 2},
    {0x00146, 254, 2},
    {0x00147, 256, 2},
    {0x00148, 258, 2},
    {0x00149, 260, 2},
    {0x0014C, 262, 2},
    {0x0014D, 264, 2},
    {0x0014E, 266, 2},
    {0x0014F, 268, 2},
    {0x00150, 270, 2},
    {0x00151, 272, 2},
    {0x00154, 274, 2},
    {0x00155, 276, 2},
    {0x00156, 278, 2},
    {0x00157, 280, 2},
    {0x00158, 282, 2},
    {0x00159, 284, 2},
    {0x0015A, 286, 2},
    {0x0015B, 288, 2},
    {0x0015C, 290, 2},
    {0x0015D, 292, 2},
    {0x0015E, 294, 2},
    {0x0015F, 296, 2},
    {0x00160, 298, 2},
    {0x00161, 300, 2},
    {0x00162, 302, 2},
    {0x00163, 304, 2},
    {0x00164, 306, 2},
    {0x00165, 308, 2},
    {0x00168, 310, 2},
    {0x00169, 312, 2},
    {0x0016A, 314, 2},
    {0x0016B, 316, 2},
    {0x0016C, 318, 2},
    {0x0016D, 320, 2},
    {0x0016E, 322, 2},
    {0x0016F, 324, 2},
    {0x00170, 326, 2},
    {0x00171, 328, 2},
    {0x00172, 330, 2},
    {0x00173, 332, 2},
    {0x00174, 334, 2},
    {0x00175, 336, 2},
    {0x00176, 338, 2},
    {0x00177, 340, 2},
    {0x00178, 342, 2},
    {0x00179, 344, 2},
    {0x0017A, 346, 2},
    {0x0017B, 348, 2},
    {0x0017C, 350, 2},
    {0x0017D, 352, 2},
    {0x0017E, 354, 2},
    {0x0017F, 356, 1},
    {0x001A0, 357, 2},
    {0x001A1, 359, 2},
    {0x001AF, 361, 2},
    {0x001B0, 363, 2},
    {0x001C4, 365, 3},
    {0x001C5, 368, 3},
    {0x001C6, 371, 3},
    {0x001C7, 374, 2},
    {0x001C8, 376, 2},
    {0x001C9, 378, 2},
    {0x001CA, 380, 2},
    {0x001CB, 382, 2},
    {0x001CC, 384, 2},
    {0x001CD, 386, 2},
    {0x001CE, 388, 2},
    {0x001CF, 390, 2},
    {0x001D0, 392, 2},
    {0x001D1, 394, 2},
    {0x001D2, 396, 2},
    {0x001D3, 398, 2},
    {0x001D4, 400, 2},
    {0x001D5, 402, 3},
    {0x001D6, 405, 3},
    {0x001D7, 408, 3},
    {0x001D8, 411, 3},
    {0x001D9, 414, 3},
    {0x001DA, 417, 3},
    {0x001DB, 420, 3},
    {0x001DC, 423, 3},
    {0x001DE, 426, 3},
    {0x001DF, 429, 3},
    {0x001E0, 432, 3},
    {0x001E1, 435, 3},
    {0x001E2, 438, 2},
    {0x001E3, 440, 2},
    {0x001E6, 442, 2},
    {0x001E7, 444, 2},
    {0x001E8, 446, 2},
    {0x001E9, 448, 2},
    {0x001EA, 450, 2},
    {0x001EB, 452, 2},
    {0x001EC, 454, 3},
    {0x001ED, 457, 3},
    {0x001EE, 460, 2},
    {0x001EF, 462, 2},
    {0x001F0, 464, 2},
    {0x001F1, 466, 2},
    {0x001F2, 468, 2},
    {0x001F3, 470, 2},
    {0x001F4, 472, 2},
    {0x001F5, 474, 2},
    {0x001F8, 476, 2},
    {0x001F9, 478, 2},
    {0x001FA, 480, 3},
    {0x001FB, 483, 3},
    {0x001FC, 486, 2},
    {0x001FD, 488, 2},
    {0x001FE, 490, 2},
    {0x001FF, 492, 2},
    {0x00200, 494, 2},
    {0x00201, 496, 2},
    {0x00202, 498, 2},
    {0x00203, 500, 2},
    {0x00204, 502, 2},
    {0x00205, 504, 2},
    {0x00206, 506, 2},
    {0x00207, 508, 2},
    {0x00208, 510, 2},
    {0x00209, 512, 2},
    {0x0020A, 514, 2},
    {0x0020B, 516, 2},
    {0x0020C, 518, 2},
    {0x0020D, 520, 2},
    {0x0020E, 522, 2},
    {0x0020F, 524, 2},
    {0x00210, 526, 2},
    {0x00211, 528, 2},
    {0x00212, 530, 2},
    {0x00213, 532, 2},
    {0x00214, 534, 2},
    {0x00215, 536, 2},
    {0x00216, 538, 2},
    {0x00217, 540, 2},
    {0x00218, 542, 2},
    {0x00219, 544, 2},
    {0x0021A, 546, 2},
    {0x0021B, 548, 2},
    {0x0021E, 550, 2},
    {0x0021F, 552, 2},
    {0x00226, 554, 2},
    {0x00227, 556, 2},
    {0x00228, 558, 2},
    {0x00229, 560, 2},
    {0x0022A, 562, 3},
    {0x0022B, 565, 3},
    {0x0022C, 568, 3},
    {0x0022D, 571, 3},
    {0x0022E, 574, 2},
    {0x0022F, 576, 2},
    {0x00230, 578, 3},
    {0x00231, 581, 3},
    {0x00232, 584, 2},
    {0x00233, 586, 2},
    {0x002B0, 588, 1},
    {0x002B1, 589, 1},
    {0x002B2, 590, 1},
    {0x002B3, 591, 1},
    {0x002B4, 592, 1},
    {0x002B5, 593, 1},
    {0x002B6, 594, 1},
    {0x002B7, 595, 1},
    {0x002B8, 596, 1},
    {0x002D8, 597, 2},
    {0x002D9, 599, 2},
    {0x002DA, 601, 2},
    {0x002DB, 603, 2},
    {0x002DC, 605, 2},
    {0x002DD, 607, 2},
    {0x002E0, 609, 1},
    {0x002E1, 610, 1},
    {0x002E2, 611, 1},
    {0x002E3, 612, 1},
    {0x002E4, 613, 1},
    {0x00340, 614, 1},
    {0x00341, 615, 1},
    {0x00343, 616, 1},
    {0x00344, 617, 2},
    {0x00374, 619, 1},
    {0x0037A, 620, 2},
    {0x0037E, 622, 1},
    {0x00384, 623, 2},
    {0x00385, 625, 3},
    {0x00386, 628, 2},
    {0x00387, 630, 1},
    {0x00388, 631, 2},
    {0x00389, 633, 2},
    {0x0038A, 635, 2},
    {0x0038C, 637, 2},
    {0x0038E, 639, 2},
    {0x0038F, 641, 2},
    {0x00390, 643, 3},
    {0x003AA, 646, 2},
    {0x003AB, 648, 2},
    {0x003AC, 650, 2},
    {0x003AD, 652, 2},
    {0x003AE, 654, 2},
    {0x003AF, 656, 2},
    {0x003B0, 658, 3},
    {0x003CA, 661, 2},
    {0x003CB, 663, 2},
    {0x003CC, 665, 2},
    {0x003CD, 667, 2},
    {0x003CE, 669, 2},
    {0x003D0, 671, 1},
    {0x003D1, 672, 1},
    {0x003D2, 673, 1},
    {0x003D3, 674, 2},
    {0x003D4, 676, 2},
    {0x003D5, 678, 1},
    {0x003D6, 679, 1},
    {0x003F0, 680, 1},
    {0x003F1, 681, 1},
    {0x003F2, 682, 1},
    {0x003F4, 683, 1},
    {0x003F5, 684, 1},
    {0x003F9, 685, 1},
    {0x00400, 686, 2},
    {0x00401, 688, 2},
    {0x00403, 690, 2},
    {0x00407, 692, 2},
    {0x0040C, 694, 2},
    {0x0040D, 696, 2},
    {0x0040E, 698, 2},
    {0x00419, 700, 2},
    {0x00439, 702, 2},
    {0x00450, 704, 2},
    {0x00451, 706, 2},
    {0x00453, 708, 2},
    {0x00457, 710, 2},
    {0x0045C, 712, 2},
    {0x0045D, 714, 2},
    {0x0045E, 716, 2},
    {0x00476, 718, 2},
    {0x00477, 720, 2},
    {0x004C1, 722, 2},
    {0x004C2, 724, 2},
    {0x004D0, 726, 2},
    {0x004D1, 728, 2},
    {0x004D2, 730, 2},
    {0x004D3, 732, 2},
    {0x004D6, 734, 2},
    {0x004D7, 736, 2},
    {0x004DA, 738, 2},
    {0x004DB, 740, 2},
    {0x004DC, 742, 2},
    {0x004DD, 744, 2},
    {0x004DE, 746, 2},
    {0x004DF, 748, 2},
    {0x004E2, 750, 2},
    {0x004E3, 752, 2},
    {0x004E4, 754, 2},
    {0x004E5, 756, 2},
    {0x004E6, 758, 2},
    {0x004E7, 760, 2},
    {0x004EA, 762, 2},
    {0x004EB, 764, 2},
    {0x004EC, 766, 2},
    {0x004ED, 768, 2},
    {0x004EE, 770, 2},
    {0x004EF, 772, 2},
    {0x004F0, 774, 2},
    {0x004F1, 776, 2},
    {0x004F2, 778, 2},
    {0x004F3, 780, 2},
    {0x004F4, 782, 2},
    {0x004F5, 784, 2},
    {0x004F8, 786, 2},
    {0x004F9, 788, 2},
    {0x00622, 790, 2},
    {0x00623, 792, 2},
    {0x00624, 794, 2},
    {0x00625, 796, 2},
    {0x00626, 798, 2},
    {0x00675, 800, 2},
    {0x00676, 802, 2},
    {0x00677, 804, 2},
    {0x00678, 806, 2},
    {0x006C0, 808, 2},
    {0x006C2, 810, 2},
    {0x006D3, 812, 2},
    {0x00929, 814, 2},
    {0x00931, 816, 2},
    {0x00934, 818, 2},
    {0x00958, 820, 2},
    {0x00959, 822, 2},
    {0x0095A, 824, 2},
    {0x0095B, 826, 2},
    {0x0095C, 828, 2},
    {0x0095D, 830, 2},
    {0x0095E, 832, 2},
    {0x0095F, 834, 2},
    {0x01D2C, 836, 1},
    {0x01D2D, 837, 1},
    {0x01D2E, 838, 1},
    {0x01D30, 839, 1},
    {0x01D31, 840, 1},
    {0x01D32, 841, 1},
    {0x01D33, 842, 1},
    {0x01D34, 843, 1},
    {0x01D35, 844, 1},
    {0x01D36, 845, 1},
    {0x01D37, 846, 1},
    {0x01D38, 847, 1},
    {0x01D39, 848, 1},
    {0x01D3A, 849, 1},
    {0x01D3C, 850, 1},
    {0x01D3D, 851, 1},
    {0x01D3E, 852, 1},
    {0x01D3F, 853, 1},
    {0x01D40, 854, 1},
    {0x01D41, 855, 1},
    {0x01D42, 856, 1},
    {0x01D43, 857, 1},
    {0x01D44, 858, 1},
    {0x01D45, 859, 1},
    {0x01D46, 860, 1},
    {0x01D47, 861, 1},
    {0x01D48, 862, 1},
    {0x01D49, 863, 1},
    {0x01D4A, 864, 1},
    {0x01D4B, 865, 1},
    {0x01D4C, 866, 1},
    {0x01D4D, 867, 1},
    {0x01D4F, 868, 1},
    {0x01D50, 869, 1},
    {0x01D51, 870, 1},
    {0x01D52, 871, 1},
    {0x01D53, 872, 1},
    {0x01D54, 873, 1},
    {0x01D55, 874, 1},
    {0x01D56, 875, 1},
    {0x01D57, 876, 1},
    {0x01D58, 877, 1},
    {0x01D59, 878, 1},
    {0x01D5A, 879, 1},
    {0x01D5B, 880, 1},
    {0x01D5C, 881, 1},
    {0x01D5D, 882, 1},
    {0x01D5E, 883, 1},
    {0x01D5F, 884, 1},
    {0x01D60, 885, 1},
    {0x01D61, 886, 1},
    {0x01D62, 887, 1},
    {0x01D63, 888, 1},
    {0x01D64, 889, 1},
    {0x01D65, 890, 1},
    {0x01D66, 891, 1},
    {0x01D67, 892, 1},
    {0x01D68, 893, 1},
    {0x01D69, 894, 1},
    {0x01D6A, 895, 1},
    {0x01D78, 896, 1},
    {0x01D9B, 897, 1},
    {0x01D9C, 898, 1},
    {0x01D9D, 899, 1},
    {0x01D9E, 900, 1},
    {0x01D9F, 901, 1},
    {0x01DA0, 902, 1},
    {0x01DA1, 903, 1},
    {0x01DA2, 904, 1},
    {0x01DA3, 905, 1},
    {0x01DA4, 906, 1},
    {0x01DA5, 907, 1},
    {0x01DA6, 908, 1},
    {0x01DA7, 909, 1},
    {0x01DA8, 910, 1},
    {0x01DA9, 911, 1},
    {0x01DAA, 912, 1},
    {0x01DAB, 913, 1},
    {0x01DAC, 914, 1},
    {0x01DAD, 915, 1},
    {0x01DAE, 916, 1},
    {0x01DAF, 917, 1},
    {0x01DB0, 918, 1},
    {0x01DB1, 919, 1},
    {0x01DB2, 920, 1},
    {0x01DB3, 921, 1},
    {0x01DB4, 922, 1},
    {0x01DB5, 923, 1},
    {0x01DB6, 924, 1},
    {0x01DB7, 925, 1},
    {0x01DB8, 926, 1},
    {0x01DB9, 927, 1},
    {0x01DBA, 928, 1},
    {0x01DBB, 929, 1},
    {0x01DBC, 930, 1},
    {0x01DBD, 931, 1},
    {0x01DBE, 932, 1},
    {0x01DBF, 933, 1},
    {0x01E00, 934, 2},
    {0x01E01, 936, 2},
    {0x01E02, 938, 2},
    {0x01E03, 940, 2},
    {0x01E04, 942, 2},
    {0x01E05, 944, 2},
    {0x01E06, 946, 2},
    {0x01E07, 948, 2},
    {0x01E08, 950, 3},
    {0x01E09, 953, 3},
    {0x01E0A, 956, 2},
    {0x01E0B, 958, 2},
    {0x01E0C, 960, 2},
    {0x01E0D, 962, 2},
    {0x01E0E, 964, 2},
    {0x01E0F, 966, 2},
    {0x01E10, 968, 2},
    {0x01E11, 970, 2},
    {0x01E12, 972, 2},
    {0x01E13, 974, 2},
    {0x01E14, 976, 3},
    {0x01E15, 979, 3},
    {0x01E16, 982, 3},
    {0x01E17, 985, 3},
    {0x01E18, 988, 2},
    {0x01E19, 990, 2},
    {0x01E1A, 992, 2},
    {0x01E1B, 994, 2},
    {0x01E1C, 996, 3},
    {0x01E1D, 999, 3},
    {0x01E1E, 1002, 2},
    {0x01E1F, 1004, 2},
    {0x01E20, 1006, 2},
    {0x01E21, 1008, 2},
    {0x01E22, 1010, 2},
    {0x01E23, 1012, 2},
    {0x01E24, 1014, 2},
    {0x01E25, 1016, 2},
    {0x01E26, 1018, 2},
    {0x01E27, 1020, 2},
    {0x01E28, 1022, 2},
    {0x01E29, 1024, 2},
    {0x01E2A, 1026, 2},
    {0x01E2B, 1028, 2},
    {0x01E2C, 1030, 2},
    {0x01E2D, 1032, 2},
    {0x01E2E, 1034, 3},
    {0x01E2F, 1037, 3},
    {0x01E30, 1040, 2},
    {0x01E31, 1042, 2},
    {0x01E32, 1044, 2},
    {0x01E33, 1046, 2},
    {0x01E34, 1048, 2},
    {0x01E35, 1050, 2},
    {0x01E36, 1052, 2},
    {0x01E37, 1054, 2},
    {0x01E38, 1056, 3},
    {0x01E39, 1059, 3},
    {0x01E3A, 1062, 2},
    {0x01E3B, 1064, 2},
    {0x01E3C, 1066, 2},
    {0x01E3D, 1068, 2},
    {0x01E3E, 1070, 2},
    {0x01E3F, 1072, 2},
    {0x01E40, 1074, 2},
    {0x01E41, 1076, 2},
    {0x01E42, 1078, 2},
    {0x01E43, 1080, 2},
    {0x01E44, 1082, 2},
    {0x01E45, 1084, 2},
    {0x01E46, 1086, 2},
    {0x01E47, 1088, 2},
    {0x01E48, 1090, 2},
    {0x01E49, 1092, 2},
    {0x01E4A, 1094, 2},
    {0x01E4B, 1096, 2},
    {0x01E4C, 1098, 3},
    {0x01E4D, 1101, 3},
    {0x01E4E, 1104, 3},
    {0x01E4F, 1107, 3},
    {0x01E50, 1110, 3},
    {0x01E51, 1113, 3},
    {0x01E52, 1116, 3},
    {0x01E53, 1119, 3},
    {0x01E54, 1122, 2},
    {0x01E55, 1124, 2},
    {0x01E56, 1126, 2},
    {0x01E57, 1128, 2},
    {0x01E58, 1130, 2},
    {0x01E59, 1132, 2},
    {0x01E5A, 1134, 2},
    {0x01E5B, 1136, 2},
    {0x01E5C, 1138, 3},
    {0x01E5D, 1141, 3},
    {0x01E5E, 1144, 2},
    {0x01E5F, 1146, 2},
    {0x01E60, 1148, 2},
    {0x01E61, 1150, 2},
    {0x01E62, 1152, 2},
    {0x01E63, 1154, 2},
    {0x01E64, 1156, 3},
    {0x01E65, 1159, 3},
    {0x01E66, 1162, 3},
    {0x01E67, 1165, 3},
    {0x01E68, 1168, 3},
    {0x01E69, 1171, 3},
    {0x01E6A, 1174, 2},
    {0x01E6B, 1176, 2},
    {0x01E6C, 1178, 2},
    {0x01E6D, 1180, 2},
    {0x01E6E, 1182, 2},
    {0x01E6F, 1184, 2},
    {0x01E70, 1186, 2},
    {0x01E71, 1188, 2},
    {0x01E72, 1190, 2},
    {0x01E73, 1192, 2},
    {0x01E74, 1194, 2},
    {0x01E75, 1196, 2},
    {0x01E76, 1198, 2},
    {0x01E77, 1200, 2},
    {0x01E78, 1202, 3},
    {0x01E79, 1205, 3},
    {0x01E7A, 1208, 3},
    {0x01E7B, 1211, 3},
    {0x01E7C, 1214, 2},
    {0x01E7D, 1216, 2},
    {0x01E7E, 1218, 2},
    {0x01E7F, 1220, 2},
    {0x01E80, 1222, 2},
    {0x01E81, 1224, 2},
    {0x01E82, 1226, 2},
    {0x01E83, 1228, 2},
    {0x01E84, 1230, 2},
    {0x01E85, 1232, 2},
    {0x01E86, 1234, 2},
    {0x01E87, 1236, 2},
    {0x01E88, 1238, 2},
    {0x01E89, 1240, 2},
    {0x01E8A, 1242, 2},
    {0x01E8B, 1244, 2},
    {0x01E8C, 1246, 2},
    {0x01E8D, 1248, 2},
    {0x01E8E, 1250, 2},
    {0x01E8F, 1252, 2},
    {0x01E90, 1254, 2},
    {0x01E91, 1256, 2},
    {0x01E92, 1258, 2},
    {0x01E93, 1260, 2},
    {0x01E94, 1262, 2},
    {0x01E95, 1264, 2},
    {0x01E96, 1266, 2},
    {0x01E97, 1268, 2},
    {0x01E98, 1270, 2},
    {0x01E99, 1272, 2},
    {0x01E9A, 1274, 2},
    {0x01E9B, 1276, 2},
    {0x01EA0, 1278, 2},
    {0x01EA1, 1280, 2},
    {0x01EA2, 1282, 2},
    {0x01EA3, 1284, 2},
    {0x01EA4, 1286, 3},
    {0x01EA5, 1289, 3},
    {0x01EA6, 1292, 3},
    {0x01EA7, 1295, 3},
    {0x01EA8, 1298, 3},
    {0x01EA9, 1301, 3},
    {0x01EAA, 1304, 3},
    {0x01EAB, 1307, 3},
    {0x01EAC, 1310, 3},
    {0x01EAD, 1313, 3},
    {0x01EAE, 1316, 3},
    {0x01EAF, 1319, 3},
    {0x01EB0, 1322, 3},
    {0x01EB1, 1325, 3},
    {0x01EB2, 1328, 3},
    {0x01EB3, 1331, 3},
    {0x01EB4, 1334, 3},
    {0x01EB5, 1337, 3},
    {0x01EB6, 1340, 3},
    {0x01EB7, 1343, 3},
    {0x01EB8, 1346, 2},
    {0x01EB9, 1348, 2},
    {0x01EBA, 1350, 2},
    {0x01EBB, 1352, 2},
    {0x01EBC, 1354, 2},
    {0x01EBD, 1356, 2},
    {0x01EBE, 1358, 3},
    {0x01EBF, 1361, 3},
    {0x01EC0, 1364, 3},
    {0x01EC1, 1367, 3},
    {0x01EC2, 1370, 3},
    {0x01EC3, 1373, 3},
    {0x01EC4, 1376, 3},
    {0x01EC5, 1379, 3},
    {0x01EC6, 1382, 3},
    {0x01EC7, 1385, 3},
    {0x01EC8, 1388, 2},
    {0x01EC9, 1390, 2},
    {0x01ECA, 1392, 2},
    {0x01ECB, 1394, 2},
    {0x01ECC, 1396, 2},
    {0x01ECD, 1398, 2},
    {0x01ECE, 1400, 2},
    {0x01ECF, 1402, 2},
    {0x01ED0, 1404, 3},
    {0x01ED1, 1407, 3},
    {0x01ED2, 1410, 3},
    {0x01ED3, 1413, 3},
    {0x01ED4, 1416, 3},
    {0x01ED5, 1419, 3},
    {0x01ED6, 1422, 3},
    {0x01ED7, 1425, 3},
    {0x01ED8, 1428, 3},
    {0x01ED9, 1431, 3},
    {0x01EDA, 1434, 3},
    {0x01EDB, 1437, 3},
    {0x01EDC, 1440, 3},
    {0x01EDD, 1443, 3},
    {0x01EDE, 1446, 3},
    {0x01EDF, 1449, 3},
    {0x01EE0, 1452, 3},
    {0x01EE1, 1455, 3},
    {0x01EE2, 1458, 3},
    {0x01EE3, 1461, 3},
    {0x01EE4, 1464, 2},
    {0x01EE5, 1466, 2},
    {0x01EE6, 1468, 2},
    {0x01EE7, 1470, 2},
    {0x01EE8, 1472, 3},
    {0x01EE9, 1475, 3},
    {0x01EEA, 1478, 3},
    {0x01EEB, 1481, 3},
    {0x01EEC, 1484, 3},
    {0x01EED, 1487, 3},
    {0x01EEE, 1490, 3},
    {0x01EEF, 1493, 3},
    {0x01EF0, 1496, 3},
    {0x01EF1, 1499, 3},
    {0x01EF2, 1502, 2},
    {0x01EF3, 1504, 2},
    {0x01EF4, 1506, 2},
    {0x01EF5, 1508, 2},
    {0x01EF6, 1510, 2},
    {0x01EF7, 1512, 2},
    {0x01EF8, 1514, 2},
    {0x01EF9, 1516, 2},
    {0x01F00, 1518, 2},
    {0x01F01, 1520, 2},
    {0x01F02, 1522, 3},
    {0x01F03, 1525, 3},
    {0x01F04, 1528, 3},
    {0x01F05, 1531, 3},
    {0x01F06, 1534, 3},
    {0x01F07, 1537, 3},
    {0x01F08, 1540, 2},
    {0x01F09, 1542, 2},
    {0x01F0A, 1544, 3},
    {0x01F0B, 1547, 3},
    {0x01F0C, 1550, 3},
    {0x01F0D, 1553, 3},
    {0x01F0E, 1556, 3},
    {0x01F0F, 1559, 3},
    {0x01F10, 1562, 2},
    {0x01F11, 1564, 2},
    {0x01F12, 1566, 3},
    {0x01F13, 1569, 3},
    {0x01F14, 1572, 3},
    {0x01F15, 1575, 3},
    {0x01F18, 1578, 2},
    {0x01F19, 1580, 2},
    {0x01F1A, 1582, 3},
    {0x01F1B, 1585, 3},
    {0x01F1C, 1588, 3},
    {0x01F1D, 1591, 3},
    {0x01F20, 1594, 2},
    {0x01F21, 1596, 2},
    {0x01F22, 1598, 3},
    {0x01F23, 1601, 3},
    {0x01F24, 1604, 3},
    {0x01F25, 1607, 3},
    {0x01F26, 1610, 3},
    {0x01F27, 1613, 3},
    {0x01F28, 1616, 2},
    {0x01F29, 1618, 2},
    {0x01F2A, 1620, 3},
    {0x01F2B, 1623, 3},
    {0x01F2C, 1626, 3},
    {0x01F2D, 1629, 3},
    {0x01F2E, 1632, 3},
    {0x01F2F, 1635, 3},
    {0x01F30, 1638, 2},
    {0x01F31, 1640, 2},
    {0x01F32, 1642, 3},
    {0x01F33, 1645, 3},
    {0x01F34, 1648, 3},
    {0x01F35, 1651, 3},
    {0x01F36, 1654, 3},
    {0x01F37, 1657, 3},
    {0x01F38, 1660, 2},
    {0x01F39, 1662, 2},
    {0x01F3A, 1664, 3},
    {0x01F3B, 1667, 3},
    {0x01F3C, 1670, 3},
    {0x01F3D, 1673, 3},
    {0x01F3E, 1676, 3},
    {0x01F3F, 1679, 3},
    {0x01F40, 1682, 2},
    {0x01F41, 1684, 2},
    {0x01F42, 1686, 3},
    {0x01F43, 1689, 3},
    {0x01F44, 1692, 3},
    {0x01F45, 1695, 3},
    {0x01F48, 1698, 2},
    {0x01F49, 1700, 2},
    {0x01F4A, 1702, 3},
    {0x01F4B, 1705, 3},
    {0x01F4C, 1708, 3},
    {0x01F4D, 1711, 3},
    {0x01F50, 1714, 2},
    {0x01F51, 1716, 2},
    {0x01F52, 1718, 3},
    {0x01F53, 1721, 3},
    {0x01F54, 1724, 3},
    {0x01F55, 1727, 3},
    {0x01F56, 1730, 3},
    {0x01F57, 1733, 3},
    {0x01F59, 1736, 2},
    {0x01F5B, 1738, 3},
    {0x01F5D, 1741, 3},
    {0x01F5F, 1744, 3},
    {0x01F60, 1747, 2},
    {0x01F61, 1749, 2},
    {0x01F62, 1751, 3},
    {0x01F63, 1754, 3},
    {0x01F64, 1757, 3},
    {0x01F65, 1760, 3},
    {0x01F66, 1763, 3},
    {0x01F67, 1766, 3},
    {0x01F68, 1769, 2},
    {0x01F69, 1771, 2},
    {0x01F6A, 1773, 3},
    {0x01F6B, 1776, 3},
    {0x01F6C, 1779, 3},
    {0x01F6D, 1782, 3},
    {0x01F6E, 1785, 3},
    {0x01F6F, 1788, 3},
    {0x01F70, 1791, 2},
    {0x01F71, 1793, 2},
    {0x01F72, 1795, 2},
    {0x01F73, 1797, 2},
    {0x01F74, 1799, 2},
    {0x01F75, 1801, 2},
    {0x01F76, 1803, 2},
    {0x01F77, 1805, 2},
    {0x01F78, 1807, 2},
    {0x01F79, 1809, 2},
    {0x01F7A, 1811, 2},
    {0x01F7B, 1813, 2},
    {0x01F7C, 1815, 2},
    {0x01F7D, 1817, 2},
    {0x01F80, 1819, 3},
    {0x01F81, 1822, 3},
    {0x01F82, 1825, 4},
    {0x01F83, 1829, 4},
    {0x01F84, 1833, 4},
    {0x01F85, 1837, 4},
    {0x01F86, 1841, 4},
    {0x01F87, 1845, 4},
    {0x01F88, 1849, 3},
    {0x01F89, 1852, 3},
    {0x01F8A, 1855, 4},
    {0x01F8B, 1859, 4},
    {0x01F8C, 1863, 4},
    {0x01F8D, 1867, 4},
    {0x01F8E, 1871, 4},
    {0x01F8F, 1875, 4},
    {0x01F90, 1879, 3},
    {0x01F91, 1882, 3},
    {0x01F92, 1885, 4},
    {0x01F93, 1889, 4},
    {0x01F94, 1893, 4},
    {0x01F95, 1897, 4},
    {0x01F96, 1901, 4},
    {0x01F97, 1905, 4},
    {0x01F98, 1909, 3},
    {0x01F99, 1912, 3},
    {0x01F9A, 1915, 4},
    {0x01F9B, 1919, 4},
    {0x01F9C, 1923, 4},
    {0x01F9D, 1927, 4},
    {0x01F9E, 1931, 4},
    {0x01F9F, 1935, 4},
    {0x01FA0, 1939, 3},
    {0x01FA1, 1942, 3},
    {0x01FA2, 1945, 4},
    {0x01FA3, 1949, 4},
    {0x01FA4, 1953, 4},
    {0x01FA5, 1957, 4},
    {0x01FA6, 1961, 4},
    {0x01FA7, 1965, 4},
    {0x01FA8, 1969, 3},
    {0x01FA9, 1972, 3},
    {0x01FAA, 1975, 4},
    {0x01FAB, 1979, 4},
    {0x01FAC, 1983, 4},
    {0x01FAD, 1987, 4},
    {0x01FAE, 1991, 4},
    {0x01FAF, 1995, 4},
    {0x01FB0, 1999, 2},
    {0x01FB1, 2001, 2},
    {0x01FB2, 2003, 3},
    {0x01FB3, 2006, 2},
    {0x01FB4, 2008, 3},
    {0x01FB6, 2011, 2},
    {0x01FB7, 2013, 3},
    {0x01FB8, 2016, 2},
    {0x01FB9, 2018, 2},
    {0x01FBA, 2020, 2},
    {0x01FBB, 2022, 2},
    {0x01FBC, 2024, 2},
    {0x01FBD, 2026, 2},
    {0x01FBE, 2028, 1},
    {0x01FBF, 2029, 2},
    {0x01FC0, 2031, 2},
    {0x01FC1, 2033, 3},
    {0x01FC2, 2036, 3},
    {0x01FC3, 2039, 2},
    {0x01FC4, 2041, 3},
    {0x01FC6, 2044, 2},
    {0x01FC7, 2046, 3},
    {0x01FC8, 2049, 2},
    {0x01FC9, 2051, 2},
    {0x01FCA, 2053, 2},
    {0x01FCB, 2055, 2},
    {0x01FCC, 2057, 2},
    {0x01FCD, 2059, 3},
    {0x01FCE, 2062, 3},
    {0x01FCF, 2065, 3},
    {0x01FD0, 2068, 2},
    {0x01FD1, 2070, 2},
    {0x01FD2, 2072, 3},
    {0x01FD3, 2075, 3},
    {0x01FD6, 2078, 2},
    {0x01FD7, 2080, 3},
    {0x01FD8, 2083, 2},
    {0x01FD9, 2085, 2},
    {0x01FDA, 2087, 2},
    {0x01FDB, 2089, 2},
    {0x01FDD, 2091, 3},
    {0x01FDE, 2094, 3},
    {0x01FDF, 2097, 3},
    {0x01FE0, 2100, 2},
    {0x01FE1, 2102, 2},
    {0x01FE2, 2104, 3},
    {0x01FE3, 2107, 3},
    {0x01FE4, 2110, 2},
    {0x01FE5, 2112, 2},
    {0x01FE6, 2114, 2},
    {0x01FE7, 2116, 3},
    {0x01FE8, 2119, 2},
    {0x01FE9, 2121, 2},
    {0x01FEA, 2123, 2},
    {0x01FEB, 2125, 2},
    {0x01FEC, 2127, 2},
    {0x01FED, 2129, 3},
    {0x01FEE, 2132, 3},
    {0x01FEF, 2135, 1},
    {0x01FF2, 2136, 3},
    {0x01FF3, 2139, 2},
    {0x01FF4, 2141, 3},
    {0x01FF6, 2144, 2},
    {0x01FF7, 2146, 3},
    {0x01FF8, 2149, 2},
    {0x01FF9, 2151, 2},
    {0x01FFA, 2153, 2},
    {0x01FFB, 2155, 2},
    {0x01FFC, 2157, 2},
    {0x01FFD, 2159, 2},
    {0x01FFE, 2161, 2},
    {0x02000, 2163, 1},
    {0x02001, 2164, 1},
    {0x02002, 2165, 1},
    {0x02003, 2166, 1},
    {0x02004, 2167, 1},
    {0x02005, 2168, 1},
    {0x02006, 2169, 1},
    {0x02007, 2170, 1},
    {0x02008, 2171, 1},
    {0x02009, 2172, 1},
    {0x0200A, 2173, 1},
    {0x02011, 2174, 1},
    {0x02017, 2175, 2},
    {0x02024, 2177, 1},
    {0x02025, 2178, 2},
    {0x02026, 2180, 3},
    {0x0202F, 2183, 1},
    {0x02033, 2184, 2},
    {0x02034, 2186, 3},
    {0x02036, 2189, 2},
    {0x02037, 2191, 3},
    {0x0203C, 2194, 2},
    {0x0203E, 2196, 2},
    {0x02047, 2198, 2},
    {0x02048, 2200, 2},
    {0x02049, 2202, 2},
    {0x02057, 2204, 4},
    {0x0205F, 2208, 1},
    {0x02070, 2209, 1},
    {0x02071, 2210, 1},
    {0x02074, 2211, 1},
    {0x02075, 2212, 1},
    {0x02076, 2213, 1},
    {0x02077, 2214, 1},
    {0x02078, 2215, 1},
    {0x02079, 2216, 1},
    {0x0207A, 2217, 1},
    {0x0207B, 2218, 1},
    {0x0207C, 2219, 1},
    {0x0207D, 2220, 1},
    {0x0207E, 2221, 1},
    {0x0207F, 2222, 1},
    {0x02080, 2223, 1},
    {0x02081, 2224, 1},
    {0x02082, 2225, 1},
    {0x02083, 2226, 1},
    {0x02084, 2227, 1},
    {0x02085, 2228, 1},
    {0x02086, 2229, 1},
    {0x02087, 2230, 1},
    {0x02088, 2231, 1},
    {0x02089, 2232, 1},
    {0x0208A, 2233, 1},
    {0x0208B, 2234, 1},
    {0x0208C, 2235, 1},
    {0x0208D, 2236, 1},
    {0x0208E, 2237, 1},
    {0x02090, 2238, 1},
    {0x02091, 2239, 1},
    {0x02092, 2240, 1},
    {0x02093, 2241, 1},
    {0x02094, 2242, 1},
    {0x02095, 2243, 1},
    {0x02096, 2244, 1},
    {0x02097, 2245, 1},
    {0x02098, 2246, 1},
    {0x02099, 2247, 1},
    {0x0209A, 2248, 1},
    {0x0209B, 2249, 1},
    {0x0209C, 2250, 1},
    {0x020A8, 2251, 2},
    {0x02100, 2253, 3},
    {0x02101, 2256, 3},
    {0x02102, 2259, 1},
    {0x02103, 2260, 2},
    {0x02105, 2262, 3},
    {0x02106, 2265, 3},
    {0x02107, 2268, 1},
    {0x02109, 2269, 2},
    {0x0210A, 2271, 1},
    {0x0210B, 2272, 1},
    {0x0210C, 2273, 1},
    {0x0210D, 2274, 1},
    {0x0210E, 2275, 1},
    {0x0210F, 2276, 1},
    {0x02110, 2277, 1},
    {0x02111, 2278, 1},
    {0x02112, 2279, 1},
    {0x02113, 2280, 1},
    {0x02115, 2281, 1},
    {0x02116, 2282, 2},
    {0x02119, 2284, 1},
    {0x0211A, 2285, 1},
    {0x0211B, 2286, 1},
    {0x0211C, 2287, 1},
    {0x0211D, 2288, 1},
    {0x02120, 2289, 2},
    {0x02121, 2291, 3},
    {0x02122, 2294, 2},
    {0x02124, 2296, 1},
    {0x02126, 2297, 1},
    {0x02128, 2298, 1},
    {0x0212A, 2299, 1},
    {0x0212B, 2300, 2},
    {0x0212C, 2302, 1},
    {0x0212D, 2303, 1},
    {0x0212F, 2304, 1},
    {0x02130, 2305, 1},
    {0x02131, 2306, 1},
    {0x02133, 2307, 1},
    {0x02134, 2308, 1},
    {0x02135, 2309, 1},
    {0x02136, 2310, 1},
    {0x02137, 2311, 1},
    {0x02138, 2312, 1},
    {0x02139, 2313, 1},
    {0x0213B, 2314, 3},
    {0x0213C, 2317, 1},
    {0x0213D, 2318, 1},
    {0x0213E, 2319, 1},
    {0x0213F, 2320, 1},
    {0x02140, 2321, 1},
    {0x02145, 2322, 1},
    {0x02146, 2323, 1},
    {0x02147, 2324, 1},
    {0x02148, 2325, 1},
    {0x02149, 2326, 1},
    {0x02150, 2327, 3},
    {0x02151, 2330, 3},
    {0x02152, 2333, 4},
    {0x02153, 2337, 3},
    {0x02154, 2340, 3},
    {0x02155, 2343, 3},
    {0x02156, 2346, 3},
    {0x02157, 2349, 3},
    {0x02158, 2352, 3},
    {0x02159, 2355, 3},
    {0x0215A, 2358, 3},
    {0x0215B, 2361, 3},
    {0x0215C, 2364, 3},
    {0x0215D, 2367, 3},
    {0x0215E, 2370, 3},
    {0x0215F, 2373, 2},
    {0x02160, 2375, 1},
    {0x02161, 2376, 2},
    {0x02162, 2378, 3},
    {0x02163, 2381, 2},
    {0x02164, 2383, 1},
    {0x02165, 2384, 2},
    {0x02166, 2386, 3},
    {0x02167, 2389, 4},
    {0x02168, 2393, 2},
    {0x02169, 2395, 1},
    {0x0216A, 2396, 2},
    {0x0216B, 2398, 3},
    {0x0216C, 2401, 1},
    {0x0216D, 2402, 1},
    {0x0216E, 2403, 1},
    {0x0216F, 2404, 1},
    {0x02170, 2405, 1},
    {0x02171, 2406, 2},
    {0x02172, 2408, 3},
    {0x02173, 2411, 2},
    {0x02174, 2413, 1},
    {0x02175, 2414, 2},
    {0x02176, 2416, 3},
    {0x02177, 2419, 4},
    {0x02178, 2423, 2},
    {0x02179, 2425, 1},
    {0x0217A, 2426, 2},
    {0x0217B, 2428, 3},
    {0x0217C, 2431, 1},
    {0x0217D, 2432, 1},
    {0x0217E, 2433, 1},
    {0x0217F, 2434, 1},
    {0x02189, 2435, 3},
    {0x02460, 2438, 1},
    {0x02461, 2439, 1},
    {0x02462, 2440, 1},
    {0x02463, 2441, 1},
    {0x02464, 2442, 1},
    {0x02465, 2443, 1},
    {0x02466, 2444, 1},
    {0x02467, 2445, 1},
    {0x02468, 2446, 1},
    {0x02469, 2447, 2},
    {0x0246A, 2449, 2},
    {0x0246B, 2451, 2},
    {0x0246C, 2453, 2},
    {0x0246D, 2455, 2},
    {0x0246E, 2457, 2},
    {0x0246F, 2459, 2},
    {0x02470, 2461, 2},
    {0x02471, 2463, 2},
    {0x02472, 2465, 2},
    {0x02473, 2467, 2},
    {0x02474, 2469, 3},
    {0x02475, 2472, 3},
    {0x02476, 2475, 3},
    {0x02477, 2478, 3},
    {0x02478, 2481, 3},
    {0x02479, 2484, 3},
    {0x0247A, 2487, 3},
    {0x0247B, 2490, 3},
    {0x0247C, 2493, 3},
    {0x0247D, 2496, 4},
    {0x0247E, 2500, 4},
    {0x0247F, 2504, 4},
    {0x02480, 2508, 4},
    {0x02481, 2512, 4},
    {0x02482, 2516, 4},
    {0x02483, 2520, 4},
    {0x02484, 2524, 4},
    {0x02485, 2528, 4},
    {0x02486, 2532, 4},
    {0x02487, 2536, 4},
    {0x02488, 2540, 2},
    {0x02489, 2542, 2},
    {0x0248A, 2544, 2},
    {0x0248B, 2546, 2},
    {0x0248C, 2548, 2},
    {0x0248D, 2550, 2},
    {0x0248E, 2552, 2},
    {0x0248F, 2554, 2},
    {0x02490, 2556, 2},
    {0x02491, 2558, 3},
    {0x02492, 2561, 3},
    {0x02493, 2564, 3},
    {0x02494, 2567, 3},
    {0x02495, 2570, 3},
    {0x02496, 2573, 3},
    {0x02497, 2576, 3},
    {0x02498, 2579, 3},
    {0x02499, 2582, 3},
    {0x0249A, 2585, 3},
    {0x0249B, 2588, 3},
    {0x0249C, 2591, 3},
    {0x0249D, 2594, 3},
    {0x0249E, 2597, 3},
    {0x0249F, 2600, 3},
    {0x024A0, 2603, 3},
    {0x024A1, 2606, 3},
    {0x024A2, 2609, 3},
    {0x024A3, 2612, 3},
    {0x024A4, 2615, 3},
    {0x024A5, 2618, 3},
    {0x024A6, 2621, 3},
    {0x024A7, 2624, 3},
    {0x024A8, 2627, 3},
    {0x024A9, 2630, 3},
    {0x024AA, 2633, 3},
    {0x024AB, 2636, 3},
    {0x024AC, 2639, 3},
    {0x024AD, 2642, 3},
    {0x024AE, 2645, 3},
    {0x024AF, 2648, 3},
    {0x024B0, 2651, 3},
    {0x024B1, 2654, 3},
    {0x024B2, 2657, 3},
    {0x024B3, 2660, 3},
    {0x024B4, 2663, 3},
    {0x024B5, 2666, 3},
    {0x024B6, 2669, 1},
    {0x024B7, 2670, 1},
    {0x024B8, 2671, 1},
    {0x024B9, 2672, 1},
    {0x024BA, 2673, 1},
    {0x024BB, 2674, 1},
    {0x024BC, 2675, 1},
    {0x024BD, 2676, 1},
    {0x024BE, 2677, 1},
    {0x024BF, 2678, 1},
    {0x024C0, 2679, 1},
    {0x024C1, 2680, 1},
    {0x024C2, 2681, 1},
    {0x024C3, 2682, 1},
    {0x024C4, 2683, 1},
    {0x024C5, 2684, 1},
    {0x024C6, 2685, 1},
    {0x024C7, 2686, 1},
    {0x024C8, 2687, 1},
    {0x024C9, 2688, 1},
    {0x024CA, 2689, 1},
    {0x024CB, 2690, 1},
    {0x024CC, 2691, 1},
    {0x024CD, 2692, 1},
    {0x024CE, 2693, 1},
    {0x024CF, 2694, 1},
    {0x024D0, 2695, 1},
    {0x024D1, 2696, 1},
    {0x024D2, 2697, 1},
    {0x024D3, 2698, 1},
    {0x024D4, 2699, 1},
    {0x024D5, 2700, 1},
    {0x024D6, 2701, 1},
    {0x024D7, 2702, 1},
    {0x024D8, 2703, 1},
    {0x024D9, 2704, 1},
    {0x024DA, 2705, 1},
    {0x024DB, 2706, 1},
    {0x024DC, 2707, 1},
    {0x024DD, 2708, 1},
    {0x024DE, 2709, 1},
    {0x024DF, 2710, 1},
    {0x024E0, 2711, 1},
    {0x024E1, 2712, 1},
    {0x024E2, 2713, 1},
    {0x024E3, 2714, 1},
    {0x024E4, 2715, 1},
    {0x024E5, 2716, 1},
    {0x024E6, 2717, 1},
    {0x024E7, 2718, 1},
    {0x024E8, 2719, 1},
    {0x024E9, 2720, 1},
    {0x024EA, 2721, 1},
    {0x03000, 2722, 1},
    {0x03036, 2723, 1},
    {0x03038, 2724, 1},
    {0x03039, 2725, 1},
    {0x0303A, 2726, 1},
    {0x0304C, 2727, 2},
    {0x0304E, 2729, 2},
    {0x03050, 2731, 2},
    {0x03052, 2733, 2},
    {0x03054, 2735, 2},
    {0x03056, 2737, 2},
    {0x03058, 2739, 2},
    {0x0305A, 2741, 2},
    {0x0305C, 2743, 2},
    {0x0305E, 2745, 2},
    {0x03060, 2747, 2},
    {0x03062, 2749, 2},
    {0x03065, 2751, 2},
    {0x03067, 2753, 2},
    {0x03069, 2755, 2},
    {0x03070, 2757, 2},
    {0x03071, 2759, 2},
    {0x03073, 2761, 2},
    {0x03074, 2763, 2},
    {0x03076, 2765, 2},
    {0x03077, 2767, 2},
    {0x03079, 2769, 2},
    {0x0307A, 2771, 2},
    {0x0307C, 2773, 2},
    {0x0307D, 2775, 2},
    {0x03094, 2777, 2},
    {0x0309B, 2779, 2},
    {0x0309C, 2781, 2},
    {0x0309E, 2783, 2},
    {0x0309F, 2785, 2},
    {0x030AC, 2787, 2},
    {0x030AE, 2789, 2},
    {0x030B0, 2791, 2},
    {0x030B2, 2793, 2},
    {0x030B4, 2795, 2},
    {0x030B6, 2797, 2},
    {0x030B8, 2799, 2},
    {0x030BA, 2801, 2},
    {0x030BC, 2803, 2},
    {0x030BE, 2805, 2},
    {0x030C0, 2807, 2},
    {0x030C2, 2809, 2},
    {0x030C5, 2811, 2},
    {0x030C7, 2813, 2},
    {0x030C9, 2815, 2},
    {0x030D0, 2817, 2},
    {0x030D1, 2819, 2},
    {0x030D3, 2821, 2},
    {0x030D4, 2823, 2},
    {0x030D6, 2825, 2},
    {0x030D7, 2827, 2},
    {0x030D9, 2829, 2},
    {0x030DA, 2831, 2},
    {0x030DC, 2833, 2},
    {0x030DD, 2835, 2},
    {0x030F4, 2837, 2},
    {0x030F7, 2839, 2},
    {0x030F8, 2841, 2},
    {0x030F9, 2843, 2},
    {0x030FA, 2845, 2},
    {0x030FE, 2847, 2},
    {0x030FF, 2849, 2},
    {0x03131, 2851, 1},
    {0x03132, 2852, 1},
    {0x03133, 2853, 1},
    {0x03134, 2854, 1},
    {0x03135, 2855, 1},
    {0x03136, 2856, 1},
    {0x03137, 2857, 1},
    {0x03138, 2858, 1},
    {0x03139, 2859, 1},
    {0x0313A, 2860, 1},
    {0x0313B, 2861, 1},
    {0x0313C, 2862, 1},
    {0x0313D, 2863, 1},
    {0x0313E, 2864, 1},
    {0x0313F, 2865, 1},
    {0x03140, 2866, 1},
    {0x03141, 2867, 1},
    {0x03142, 2868, 1},
    {0x03143, 2869, 1},
    {0x03144, 2870, 1},
    {0x03145, 2871, 1},
    {0x03146, 2872, 1},
    {0x03147, 2873, 1},
    {0x03148, 2874, 1},
    {0x03149, 2875, 1},
    {0x0314A, 2876, 1},
    {0x0314B, 2877, 1},
    {0x0314C, 2878, 1},
    {0x0314D, 2879, 1},
    {0x0314E, 2880, 1},
    {0x0314F, 2881, 1},
    {0x03150, 2882, 1},
    {0x03151, 2883, 1},
    {0x03152, 2884, 1},
    {0x03153, 2885, 1},
    {0x03154, 2886, 1},
    {0x03155, 2887, 1},
    {0x03156, 2888, 1},
    {0x03157, 2889, 1},
    {0x03158, 2890, 1},
    {0x03159, 2891, 1},
    {0x0315A, 2892, 1},
    {0x0315B, 2893, 1},
    {0x0315C, 2894, 1},
    {0x0315D, 2895, 1},
    {0x0315E, 2896, 1},
    {0x0315F, 2897, 1},
    {0x03160, 2898, 1},
    {0x03161, 2899, 1},
    {0x03162, 2900, 1},
    {0x03163, 2901, 1},
    {0x03164, 2902, 1},
    {0x03165, 2903, 1},
    {0x03166, 2904, 1},
    {0x03167, 2905, 1},
    {0x03168, 2906, 1},
    {0x03169, 2907, 1},
    {0x0316A, 2908, 1},
    {0x0316B, 2909, 1},
    {0x0316C, 2910, 1},
    {0x0316D, 2911, 1},
    {0x0316E, 2912, 1},
    {0x0316F, 2913, 1},
    {0x03170, 2914, 1},
    {0x03171, 2915, 1},
    {0x03172, 2916, 1},
    {0x03173, 2917, 1},
    {0x03174, 2918, 1},
    {0x03175, 2919, 1},
    {0x03176, 2920, 1},
    {0x03177, 2921, 1},
    {0x03178, 2922, 1},
    {0x03179, 2923, 1},
    {0x0317A, 2924, 1},
    {0x0317B, 2925, 1},
    {0x0317C, 2926, 1},
    {0x0317D, 2927, 1},
    {0x0317E, 2928, 1},
    {0x0317F, 2929, 1},
    {0x03180, 2930, 1},
    {0x03181, 2931, 1},
    {0x03182, 2932, 1},
    {0x03183, 2933, 1},
    {0x03184, 2934, 1},
    {0x03185, 2935, 1},
    {0x03186, 2936, 1},
    {0x03187, 2937, 1},
    {0x03188, 2938, 1},
    {0x03189, 2939, 1},
    {0x0318A, 2940, 1},
    {0x0318B, 2941, 1},
    {0x0318C, 2942, 1},
    {0x0318D, 2943, 1},
    {0x0318E, 2944, 1},
    {0x0FB00, 2945, 2},
    {0x0FB01, 2947, 2},
    {0x0FB02, 2949, 2},
    {0x0FB03, 2951, 3},
    {0x0FB04, 2954, 3},
    {0x0FB05, 2957, 2},
    {0x0FB06, 2959, 2},
    {0x0FB13, 2961, 2},
    {0x0FB14, 2963, 2},
    {0x0FB15, 2965, 2},
    {0x0FB16, 2967, 2},
    {0x0FB17, 2969, 2},
    {0x0FB1D, 2971, 2},
    {0x0FB1F, 2973, 2},
    {0x0FB20, 2975, 1},
    {0x0FB21, 2976, 1},
    {0x0FB22, 2977, 1},
    {0x0FB23, 2978, 1},
    {0x0FB24, 2979, 1},
    {0x0FB25, 2980, 1},
    {0x0FB26, 2981, 1},
    {0x0FB27, 2982, 1},
    {0x0FB28, 2983, 1},
    {0x0FB29, 2984, 1},
    {0x0FB2A, 2985, 2},
    {0x0FB2B, 2987, 2},
    {0x0FB2C, 2989, 3},
    {0x0FB2D, 2992, 3},
    {0x0FB2E, 2995, 2},
    {0x0FB2F, 2997, 2},
    {0x0FB30, 2999, 2},
    {0x0FB31, 3001, 2},
    {0x0FB32, 3003, 2},
    {0x0FB33, 3005, 2},
    {0x0FB34, 3007, 2},
    {0x0FB35, 3009, 2},
    {0x0FB36, 3011, 2},
    {0x0FB38, 3013, 2},
    {0x0FB39, 3015, 2},
    {0x0FB3A, 3017, 2},
    {0x0FB3B, 3019, 2},
    {0x0FB3C, 3021, 2},
    {0x0FB3E, 3023, 2},
    {0x0FB40, 3025, 2},
    {0x0FB41, 3027, 2},
    {0x0FB43, 3029, 2},
    {0x0FB44, 3031, 2},
    {0x0FB46, 3033, 2},
    {0x0FB47, 3035, 2},
    {0x0FB48, 3037, 2},
    {0x0FB49, 3039, 2},
    {0x0FB4A, 3041, 2},
    {0x0FB4B, 3043, 2},
    {0x0FB4C, 3045, 2},
    {0x0FB4D, 3047, 2},
    {0x0FB4E, 3049, 2},
    {0x0FB4F, 3051, 2},
    {0x0FB50, 3053, 1},
    {0x0FB51, 3054, 1},
    {0x0FB52, 3055, 1},
    {0x0FB53, 3056, 1},
    {0x0FB54, 3057, 1},
    {0x0FB55, 3058, 1},
    {0x0FB56, 3059, 1},
    {0x0FB57, 3060, 1},
    {0x0FB58, 3061, 1},
    {0x0FB59, 3062, 1},
    {0x0FB5A, 3063, 1},
    {0x0FB5B, 3064, 1},
    {0x0FB5C, 3065, 1},
    {0x0FB5D, 3066, 1},
    {0x0FB5E, 3067, 1},
    {0x0FB5F, 3068, 1},
    {0x0FB60, 3069, 1},
    {0x0FB61, 3070, 1},
    {0x0FB62, 3071, 1},
    {0x0FB63, 3072, 1},
    {0x0FB64, 3073, 1},
    {0x0FB65, 3074, 1},
    {0x0FB66, 3075, 1},
    {0x0FB67, 3076, 1},
    {0x0FB68, 3077, 1},
    {0x0FB69, 3078, 1},
    {0x0FB6A, 3079, 1},
    {0x0FB6B, 3080, 1},
    {0x0FB6C, 3081, 1},
    {0x0FB6D, 3082, 1},
    {0x0FB6E, 3083, 1},
    {0x0FB6F, 3084, 1},
    {0x0FB70, 3085, 1},
    {0x0FB71, 3086, 1},
    {0x0FB72, 3087, 1},
    {0x0FB73, 3088, 1},
    {0x0FB74, 3089, 1},
    {0x0FB75, 3090, 1},
    {0x0FB76, 3091, 1},
    {0x0FB77, 3092, 1},
    {0x0FB78, 3093, 1},
    {0x0FB79, 3094, 1},
    {0x0FB7A, 3095, 1},
    {0x0FB7B, 3096, 1},
    {0x0FB7C, 3097, 1},
    {0x0FB7D, 3098, 1},
    {0x0FB7E, 3099, 1},
    {0x0FB7F, 3100, 1},
    {0x0FB80, 3101, 1},
    {0x0FB81, 3102, 1},
    {0x0FB82, 3103, 1},
    {0x0FB83, 3104, 1},
    {0x0FB84, 3105, 1},
    {0x0FB85, 3106, 1},
    {0x0FB86, 3107, 1},
    {0x0FB87, 3108, 1},
    {0x0FB88, 3109, 1},
    {0x0FB89, 3110, 1},
    {0x0FB8A, 3111, 1},
    {0x0FB8B, 3112, 1},
    {0x0FB8C, 3113, 1},
    {0x0FB8D, 3114, 1},
    {0x0FB8E, 3115, 1},
    {0x0FB8F, 3116, 1},
    {0x0FB90, 3117, 1},
    {0x0FB91, 3118, 1},
    {0x0FB92, 3119, 1},
    {0x0FB93, 3120, 1},
    {0x0FB94, 3121, 1},
    {0x0FB95, 3122, 1},
    {0x0FB96, 3123, 1},
    {0x0FB97, 3124, 1},
    {0x0FB98, 3125, 1},
    {0x0FB99, 3126, 1},
    {0x0FB9A, 3127, 1},
    {0x0FB9B, 3128, 1},
    {0x0FB9C, 3129, 1},
    {0x0FB9D, 3130, 1},
    {0x0FB9E, 3131, 1},
    {0x0FB9F, 3132, 1},
    {0x0FBA0, 3133, 1},
    {0x0FBA1, 3134, 1},
    {0x0FBA2, 3135, 1},
    {0x0FBA3, 3136, 1},
    {0x0FBA4, 3137, 2},
    {0x0FBA5, 3139, 2},
    {0x0FBA6, 3141, 1},
    {0x0FBA7, 3142, 1},
    {0x0FBA8, 3143, 1},
    {0x0FBA9, 3144, 1},
    {0x0FBAA, 3145, 1},
    {0x0FBAB, 3146, 1},
    {0x0FBAC, 3147, 1},
    {0x0FBAD, 3148, 1},
    {0x0FBAE, 3149, 1},
    {0x0FBAF, 3150, 1},
    {0x0FBB0, 3151, 2},
    {0x0FBB1, 3153, 2},
    {0x0FBD3, 3155, 1},
    {0x0FBD4, 3156, 1},
    {0x0FBD5, 3157, 1},
    {0x0FBD6, 3158, 1},
    {0x0FBD7, 3159, 1},
    {0x0FBD8, 3160, 1},
    {0x0FBD9, 3161, 1},
    {0x0FBDA, 3162, 1},
    {0x0FBDB, 3163, 1},
    {0x0FBDC, 3164, 1},
    {0x0FBDD, 3165, 2},
    {0x0FBDE, 3167, 1},
    {0x0FBDF, 3168, 1},
    {0x0FBE0, 3169, 1},
    {0x0FBE1, 3170, 1},
    {0x0FBE2, 3171, 1},
    {0x0FBE3, 3172, 1},
    {0x0FBE4, 3173, 1},
    {0x0FBE5, 3174, 1},
    {0x0FBE6, 3175, 1},
    {0x0FBE7, 3176, 1},
    {0x0FBE8, 3177, 1},
    {0x0FBE9, 3178, 1},
    {0x0FBEA, 3179, 3},
    {0x0FBEB, 3182, 3},
    {0x0FBEC, 3185, 3},
    {0x0FBED, 3188, 3},
    {0x0FBEE, 3191, 3},
    {0x0FBEF, 3194, 3},
    {0x0FBF0, 3197, 3},
    {0x0FBF1, 3200, 3},
    {0x0FBF2, 3203, 3},
    {0x0FBF3, 3206, 3},
    {0x0FBF4, 3209, 3},
    {0x0FBF5, 3212, 3},
    {0x0FBF6, 3215, 3},
    {0x0FBF7, 3218, 3},
    {0x0FBF8, 3221, 3},
    {0x0FBF9, 3224, 3},
    {0x0FBFA, 3227, 3},
    {0x0FBFB, 3230, 3},
    {0x0FBFC, 3233, 1},
    {0x0FBFD, 3234, 1},
    {0x0FBFE, 3235, 1},
    {0x0FBFF, 3236, 1},
    {0x0FC00, 3237, 3},
    {0x0FC01, 3240, 3},
    {0x0FC02, 3243, 3},
    {0x0FC03, 3246, 3},
    {0x0FC04, 3249, 3},
    {0x0FC05, 3252, 2},
    {0x0FC06, 3254, 2},
    {0x0FC07, 3256, 2},
    {0x0FC08, 3258, 2},
    {0x0FC09, 3260, 2},
    {0x0FC0A, 3262, 2},
    {0x0FC0B, 3264, 2},
    {0x0FC0C, 3266, 2},
    {0x0FC0D, 3268, 2},
    {0x0FC0E, 3270, 2},
    {0x0FC0F, 3272, 2},
    {0x0FC10, 3274, 2},
    {0x0FC11, 3276, 2},
    {0x0FC12, 3278, 2},
    {0x0FC13, 3280, 2},
    {0x0FC14, 3282, 2},
    {0x0FC15, 3284, 2},
    {0x0FC16, 3286, 2},
    {0x0FC17, 3288, 2},
    {0x0FC18, 3290, 2},
    {0x0FC19, 3292, 2},
    {0x0FC1A, 3294, 2},
    {0x0FC1B, 3296, 2},
    {0x0FC1C, 3298, 2},
    {0x0FC1D, 3300, 2},
    {0x0FC1E, 3302, 2},
    {0x0FC1F, 3304, 2},
    {0x0FC20, 3306, 2},
    {0x0FC21, 3308, 2},
    {0x0FC22, 3310, 2},
    {0x0FC23, 3312, 2},
    {0x0FC24, 3314, 2},
    {0x0FC25, 3316, 2},
    {0x0FC26, 3318, 2},
    {0x0FC27, 3320, 2},
    {0x0FC28, 3322, 2},
    {0x0FC29, 3324, 2},
    {0x0FC2A, 3326, 2},
    {0x0FC2B, 3328, 2},
    {0x0FC2C, 3330, 2},
    {0x0FC2D, 3332, 2},
    {0x0FC2E, 3334, 2},
    {0x0FC2F, 3336, 2},
    {0x0FC30, 3338, 2},
    {0x0FC31, 3340, 2},
    {0x0FC32, 3342, 2},
    {0x0FC33, 3344, 2},
    {0x0FC34, 3346, 2},
    {0x0FC35, 3348, 2},
    {0x0FC36, 3350, 2},
    {0x0FC37, 3352, 2},
    {0x0FC38, 3354, 2},
    {0x0FC39, 3356, 2},
    {0x0FC3A, 3358, 2},
    {0x0FC3B, 3360, 2},
    {0x0FC3C, 3362, 2},
    {0x0FC3D, 3364, 2},
    {0x0FC3E, 3366, 2},
    {0x0FC3F, 3368, 2},
    {0x0FC40, 3370, 2},
    {0x0FC41, 3372, 2},
    {0x0FC42, 3374, 2},
    {0x0FC43, 3376, 2},
    {0x0FC44, 3378, 2},
    {0x0FC45, 3380, 2},
    {0x0FC46, 3382, 2},
    {0x0FC47, 3384, 2},
    {0x0FC48, 3386, 2},
    {0x0FC49, 3388, 2},
    {0x0FC4A, 3390, 2},
    {0x0FC4B, 3392, 2},
    {0x0FC4C, 3394, 2},
    {0x0FC4D, 3396, 2},
    {0x0FC4E, 3398, 2},
    {0x0FC4F, 3400, 2},
    {0x0FC50, 3402, 2},
    {0x0FC51, 3404, 2},
    {0x0FC52, 3406, 2},
    {0x0FC53, 3408, 2},
    {0x0FC54, 3410, 2},
    {0x0FC55, 3412, 2},
    {0x0FC56, 3414, 2},
    {0x0FC57, 3416, 2},
    {0x0FC58, 3418, 2},
    {0x0FC59, 3420, 2},
    {0x0FC5A, 3422, 2},
    {0x0FC5B, 3424, 2},
    {0x0FC5C, 3426, 2},
    {0x0FC5D, 3428, 2},
    {0x0FC5E, 3430, 3},
    {0x0FC5F, 3433, 3},
    {0x0FC60, 3436, 3},
    {0x0FC61, 3439, 3},
    {0x0FC62, 3442, 3},
    {0x0FC63, 3445, 3},
    {0x0FC64, 3448, 3},
    {0x0FC65, 3451, 3},
    {0x0FC66, 3454, 3},
    {0x0FC67, 3457, 3},
    {0x0FC68, 3460, 3},
    {0x0FC69, 3463, 3},
    {0x0FC6A, 3466, 2},
    {0x0FC6B, 3468, 2},
    {0x0FC6C, 3470, 2},
    {0x0FC6D, 3472, 2},
    {0x0FC6E, 3474, 2},
    {0x0FC6F, 3476, 2},
    {0x0FC70, 3478, 2},
    {0x0FC71, 3480, 2},
    {0x0FC72, 3482, 2},
    {0x0FC73, 3484, 2},
    {0x0FC74, 3486, 2},
    {0x0FC75, 3488, 2},
    {0x0FC76, 3490, 2},
    {0x0FC77, 3492, 2},
    {0x0FC78, 3494, 2},
    {0x0FC79, 3496, 2},
    {0x0FC7A, 3498, 2},
    {0x0FC7B, 3500, 2},
    {0x0FC7C, 3502, 2},
    {0x0FC7D, 3504, 2},
    {0x0FC7E, 3506, 2},
    {0x0FC7F, 3508, 2},
    {0x0FC80, 3510, 2},
    {0x0FC81, 3512, 2},
    {0x0FC82, 3514, 2},
    {0x0FC83, 3516, 2},
    {0x0FC84, 3518, 2},
    {0x0FC85, 3520, 2},
    {0x0FC86, 3522, 2},
    {0x0FC87, 3524, 2},
    {0x0FC88, 3526, 2},
    {0x0FC89, 3528, 2},
    {0x0FC8A, 3530, 2},
    {0x0FC8B, 3532, 2},
    {0x0FC8C, 3534, 2},
    {0x0FC8D, 3536, 2},
    {0x0FC8E, 3538, 2},
    {0x0FC8F, 3540, 2},
    {0x0FC90, 3542, 2},
    {0x0FC91, 3544, 2},
    {0x0FC92, 3546, 2},
    {0x0FC93, 3548, 2},
    {0x0FC94, 3550, 2},
    {0x0FC95, 3552, 2},
    {0x0FC96, 3554, 2},
    {0x0FC97, 3556, 3},
    {0x0FC98, 3559, 3},
    {0x0FC99, 3562, 3},
    {0x0FC9A, 3565, 3},
    {0x0FC9B, 3568, 3},
    {0x0FC9C, 3571, 2},
    {0x0FC9D, 3573, 2},
    {0x0FC9E, 3575, 2},
    {0x0FC9F, 3577, 2},
    {0x0FCA0, 3579, 2},
    {0x0FCA1, 3581, 2},
    {0x0FCA2, 3583, 2},
    {0x0FCA3, 3585, 2},
    {0x0FCA4, 3587, 2},
    {0x0FCA5, 3589, 2},
    {0x0FCA6, 3591, 2},
    {0x0FCA7, 3593, 2},
    {0x0FCA8, 3595, 2},
    {0x0FCA9, 3597, 2},
    {0x0FCAA, 3599, 2},
    {0x0FCAB, 3601, 2},
    {0x0FCAC, 3603, 2},
    {0x0FCAD, 3605, 2},
    {0x0FCAE, 3607, 2},
    {0x0FCAF, 3609, 2},
    {0x0FCB0, 3611, 2},
    {0x0FCB1, 3613, 2},
    {0x0FCB2, 3615, 2},
    {0x0FCB3, 3617, 2},
    {0x0FCB4, 3619, 2},
    {0x0FCB5, 3621, 2},
    {0x0FCB6, 3623, 2},
    {0x0FCB7, 3625, 2},
    {0x0FCB8, 3627, 2},
    {0x0FCB9, 3629, 2},
    {0x0FCBA, 3631, 2},
    {0x0FCBB, 3633, 2},
    {0x0FCBC, 3635, 2},
    {0x0FCBD, 3637, 2},
    {0x0FCBE, 3639, 2},
    {0x0FCBF, 3641, 2},
    {0x0FCC0, 3643, 2},
    {0x0FCC1, 3645, 2},
    {0x0FCC2, 3647, 2},
    {0x0FCC3, 3649, 2},
    {0x0FCC4, 3651, 2},
    {0x0FCC5, 3653, 2},
    {0x0FCC6, 3655, 2},
    {0x0FCC7, 3657, 2},
    {0x0FCC8, 3659, 2},
    {0x0FCC9, 3661, 2},
    {0x0FCCA, 3663, 2},
    {0x0FCCB, 3665, 2},
    {0x0FCCC, 3667, 2},
    {0x0FCCD, 3669, 2},
    {0x0FCCE, 3671, 2},
    {0x0FCCF, 3673, 2},
    {0x0FCD0, 3675, 2},
    {0x0FCD1, 3677, 2},
    {0x0FCD2, 3679, 2},
    {0x0FCD3, 3681, 2},
    {0x0FCD4, 3683, 2},
    {0x0FCD5, 3685, 2},
    {0x0FCD6, 3687, 2},
    {0x0FCD7, 3689, 2},
    {0x0FCD8, 3691, 2},
    {0x0FCD9, 3693, 2},
    {0x0FCDA, 3695, 2},
    {0x0FCDB, 3697, 2},
    {0x0FCDC, 3699, 2},
    {0x0FCDD, 3701, 2},
    {0x0FCDE, 3703, 2},
    {0x0FCDF, 3705, 3},
    {0x0FCE0, 3708, 3},
    {0x0FCE1, 3711, 2},
    {0x0FCE2, 3713, 2},
    {0x0FCE3, 3715, 2},
    {0x0FCE4, 3717, 2},
    {0x0FCE5, 3719, 2},
    {0x0FCE6, 3721, 2},
    {0x0FCE7, 3723, 2},
    {0x0FCE8, 3725, 2},
    {0x0FCE9, 3727, 2},
    {0x0FCEA, 3729, 2},
    {0x0FCEB, 3731, 2},
    {0x0FCEC, 3733, 2},
    {0x0FCED, 3735, 2},
    {0x0FCEE, 3737, 2},
    {0x0FCEF, 3739, 2},
    {0x0FCF0, 3741, 2},
    {0x0FCF1, 3743, 2},
    {0x0FCF2, 3745, 3},
    {0x0FCF3, 3748, 3},
    {0x0FCF4, 3751, 3},
    {0x0FCF5, 3754, 2},
    {0x0FCF6, 3756, 2},
    {0x0FCF7, 3758, 2},
    {0x0FCF8, 3760, 2},
    {0x0FCF9, 3762, 2},
    {0x0FCFA, 3764, 2},
    {0x0FCFB, 3766, 2},
    {0x0FCFC, 3768, 2},
    {0x0FCFD, 3770, 2},
    {0x0FCFE, 3772, 2},
    {0x0FCFF, 3774, 2},
    {0x0FD00, 3776, 2},
    {0x0FD01, 3778, 2},
    {0x0FD02, 3780, 2},
    {0x0FD03, 3782, 2},
    {0x0FD04, 3784, 2},
    {0x0FD05, 3786, 2},
    {0x0FD06, 3788, 2},
    {0x0FD07, 3790, 2},
    {0x0FD08, 3792, 2},
    {0x0FD09, 3794, 2},
    {0x0FD0A, 3796, 2},
    {0x0FD0B, 3798, 2},
    {0x0FD0C, 3800, 2},
    {0x0FD0D, 3802, 2},
    {0x0FD0E, 3804, 2},
    {0x0FD0F, 3806, 2},
    {0x0FD10, 3808, 2},
    {0x0FD11, 3810, 2},
    {0x0FD12, 3812, 2},
    {0x0FD13, 3814, 2},
    {0x0FD14, 3816, 2},
    {0x0FD15, 3818, 2},
    {0x0FD16, 3820, 2},
    {0x0FD17, 3822, 2},
    {0x0FD18, 3824, 2},
    {0x0FD19, 3826, 2},
    {0x0FD1A, 3828, 2},
    {0x0FD1B, 3830, 2},
    {0x0FD1C, 3832, 2},
    {0x0FD1D, 3834, 2},
    {0x0FD1E, 3836, 2},
    {0x0FD1F, 3838, 2},
    {0x0FD20, 3840, 2},
    {0x0FD21, 3842, 2},
    {0x0FD22, 3844, 2},
    {0x0FD23, 3846, 2},
    {0x0FD24, 3848, 2},
    {0x0FD25, 3850, 2},
    {0x0FD26, 3852, 2},
    {0x0FD27, 3854, 2},
    {0x0FD28, 3856, 2},
    {0x0FD29, 3858, 2},
    {0x0FD2A, 3860, 2},
    {0x0FD2B, 3862, 2},
    {0x0FD2C, 3864, 2},
    {0x0FD2D, 3866, 2},
    {0x0FD2E, 3868, 2},
    {0x0FD2F, 3870, 2},
    {0x0FD30, 3872, 2},
    {0x0FD31, 3874, 2},
    {0x0FD32, 3876, 2},
    {0x0FD33, 3878, 2},
    {0x0FD34, 3880, 2},
    {0x0FD35, 3882, 2},
    {0x0FD36, 3884, 2},
    {0x0FD37, 3886, 2},
    {0x0FD38, 3888, 2},
    {0x0FD39, 3890, 2},
    {0x0FD3A, 3892, 2},
    {0x0FD3B, 3894, 2},
    {0x0FD3C, 3896, 2},
    {0x0FD3D, 3898, 2},
    {0x0FD50, 3900, 3},
    {0x0FD51, 3903, 3},
    {0x0FD52, 3906, 3},
    {0x0FD53, 3909, 3},
    {0x0FD54, 3912, 3},
    {0x0FD55, 3915, 3},
    {0x0FD56, 3918, 3},
    {0x0FD57, 3921, 3},
    {0x0FD58, 3924, 3},
    {0x0FD59, 3927, 3},
    {0x0FD5A, 3930, 3},
    {0x0FD5B, 3933, 3},
    {0x0FD5C, 3936, 3},
    {0x0FD5D, 3939, 3},
    {0x0FD5E, 3942, 3},
    {0x0FD5F, 3945, 3},
    {0x0FD60, 3948, 3},
    {0x0FD61, 3951, 3},
    {0x0FD62, 3954, 3},
    {0x0FD63, 3957, 3},
    {0x0FD64, 3960, 3},
    {0x0FD65, 3963, 3},
    {0x0FD66, 3966, 3},
    {0x0FD67, 3969, 3},
    {0x0FD68, 3972, 3},
    {0x0FD69, 3975, 3},
    {0x0FD6A, 3978, 3},
    {0x0FD6B, 3981, 3},
    {0x0FD6C, 3984, 3},
    {0x0FD6D, 3987, 3},
    {0x0FD6E, 3990, 3},
    {0x0FD6F, 3993, 3},
    {0x0FD70, 3996, 3},
    {0x0FD71, 3999, 3},
    {0x0FD72, 4002, 3},
    {0x0FD73, 4005, 3},
    {0x0FD74, 4008, 3},
    {0x0FD75, 4011, 3},
    {0x0FD76, 4014, 3},
    {0x0FD77, 4017, 3},
    {0x0FD78, 4020, 3},
    {0x0FD79, 4023, 3},
    {0x0FD7A, 4026, 3},
    {0x0FD7B, 4029, 3},
    {0x0FD7C, 4032, 3},
    {0x0FD7D, 4035, 3},
    {0x0FD7E, 4038, 3},
    {0x0FD7F, 4041, 3},
    {0x0FD80, 4044, 3},
    {0x0FD81, 4047, 3},
    {0x0FD82, 4050, 3},
    {0x0FD83, 4053, 3},
    {0x0FD84, 4056, 3},
    {0x0FD85, 4059, 3},
    {0x0FD86, 4062, 3},
    {0x0FD87, 4065, 3},
    {0x0FD88, 4068, 3},
    {0x0FD89, 4071, 3},
    {0x0FD8A, 4074, 3},
    {0x0FD8B, 4077, 3},
    {0x0FD8C, 4080, 3},
    {0x0FD8D, 4083, 3},
    {0x0FD8E, 4086, 3},
    {0x0FD8F, 4089, 3},
    {0x0FD92, 4092, 3},
    {0x0FD93, 4095, 3},
    {0x0FD94, 4098, 3},
    {0x0FD95, 4101, 3},
    {0x0FD96, 4104, 3},
    {0x0FD97, 4107, 3},
    {0x0FD98, 4110, 3},
    {0x0FD99, 4113, 3},
    {0x0FD9A, 4116, 3},
    {0x0FD9B, 4119, 3},
    {0x0FD9C, 4122, 3},
    {0x0FD9D, 4125, 3},
    {0x0FD9E, 4128, 3},
    {0x0FD9F, 4131, 3},
    {0x0FDA0, 4134, 3},
    {0x0FDA1, 4137, 3},
    {0x0FDA2, 4140, 3},
    {0x0FDA3, 4143, 3},
    {0x0FDA4, 4146, 3},
    {0x0FDA5, 4149, 3},
    {0x0FDA6, 4152, 3},
    {0x0FDA7, 4155, 3},
    {0x0FDA8, 4158, 3},
    {0x0FDA9, 4161, 3},
    {0x0FDAA, 4164, 3},
    {0x0FDAB, 4167, 3},
    {0x0FDAC, 4170, 3},
    {0x0FDAD, 4173, 3},
    {0x0FDAE, 4176, 3},
    {0x0FDAF, 4179, 3},
    {0x0FDB0, 4182, 3},
    {0x0FDB1, 4185, 3},
    {0x0FDB2, 4188, 3},
    {0x0FDB3, 4191, 3},
    {0x0FDB4, 4194, 3},
    {0x0FDB5, 4197, 3},
    {0x0FDB6, 4200, 3},
    {0x0FDB7, 4203, 3},
    {0x0FDB8, 4206, 3},
    {0x0FDB9, 4209, 3},
    {0x0FDBA, 4212, 3},
    {0x0FDBB, 4215, 3},
    {0x0FDBC, 4218, 3},
    {0x0FDBD, 4221, 3},
    {0x0FDBE, 4224, 3},
    {0x0FDBF, 4227, 3},
    {0x0FDC0, 4230, 3},
    {0x0FDC1, 4233, 3},
    {0x0FDC2, 4236, 3},
    {0x0FDC3, 4239, 3},
    {0x0FDC4, 4242, 3},
    {0x0FDC5, 4245, 3},
    {0x0FDC6, 4248, 3},
    {0x0FDC7, 4251, 3},
    {0x0FDF0, 4254, 3},
    {0x0FDF1, 4257, 3},
    {0x0FDF2, 4260, 4},
    {0x0FDF3, 4264, 4},
    {0x0FDF4, 4268, 4},
    {0x0FDF5, 4272, 4},
    {0x0FDF6, 4276, 4},
    {0x0FDF7, 4280, 4},
    {0x0FDF8, 4284, 4},
    {0x0FDF9, 4288, 3},
    {0x0FDFA, 4291, 18},
    {0x0FDFB, 4309, 8},
    {0x0FDFC, 4317, 4},
    {0x0FE30, 4321, 2},
    {0x0FE31, 4323, 1},
    {0x0FE32, 4324, 1},
    {0x0FE33, 4325, 1},
    {0x0FE34, 4326, 1},
    {0x0FE35, 4327, 1},
    {0x0FE36, 4328, 1},
    {0x0FE37, 4329, 1},
    {0x0FE38, 4330, 1},
    {0x0FE39, 4331, 1},
    {0x0FE3A, 4332, 1},
    {0x0FE3B, 4333, 1},
    {0x0FE3C, 4334, 1},
    {0x0FE3D, 4335, 1},
    {0x0FE3E, 4336, 1},
    {0x0FE3F, 4337, 1},
    {0x0FE40, 4338, 1},
    {0x0FE41, 4339, 1},
    {0x0FE42, 4340, 1},
    {0x0FE43, 4341, 1},
    {0x0FE44, 4342, 1},
    {0x0FE47, 4343, 1},
    {0x0FE48, 4344, 1},
    {0x0FE49, 4345, 2},
    {0x0FE4A, 4347, 2},
    {0x0FE4B, 4349, 2},
    {0x0FE4C, 4351, 2},
    {0x0FE4D, 4353, 1},
    {0x0FE4E, 4354, 1},
    {0x0FE4F, 4355, 1},
    {0x0FE70, 4356, 2},
    {0x0FE71, 4358, 2},
    {0x0FE72, 4360, 2},
    {0x0FE74, 4362, 2},
    {0x0FE76, 4364, 2},
    {0x0FE77, 4366, 2},
    {0x0FE78, 4368, 2},
    {0x0FE79, 4370, 2},
    {0x0FE7A, 4372, 2},
    {0x0FE7B, 4374, 2},
    {0x0FE7C, 4376, 2},
    {0x0FE7D, 4378, 2},
    {0x0FE7E, 4380, 2},
    {0x0FE7F, 4382, 2},
    {0x0FE80, 4384, 1},
    {0x0FE81, 4385, 2},
    {0x0FE82, 4387, 2},
    {0x0FE83, 4389, 2},
    {0x0FE84, 4391, 2},
    {0x0FE85, 4393, 2},
    {0x0FE86, 4395, 2},
    {0x0FE87, 4397, 2},
    {0x0FE88, 4399, 2},
    {0x0FE89, 4401, 2},
    {0x0FE8A, 4403, 2},
    {0x0FE8B, 4405, 2},
    {0x0FE8C, 4407, 2},
    {0x0FE8D, 4409, 1},
    {0x0FE8E, 4410, 1},
    {0x0FE8F, 4411, 1},
    {0x0FE90, 4412, 1},
    {0x0FE91, 4413, 1},
    {0x0FE92, 4414, 1},
    {0x0FE93, 4415, 1},
    {0x0FE94, 4416, 1},
    {0x0FE95, 4417, 1},
    {0x0FE96, 4418, 1},
    {0x0FE97, 4419, 1},
    {0x0FE98, 4420, 1},
    {0x0FE99, 4421, 1},
    {0x0FE9A, 4422, 1},
    {0x0FE9B, 4423, 1},
    {0x0FE9C, 4424, 1},
    {0x0FE9D, 4425, 1},
    {0x0FE9E, 4426, 1},
    {0x0FE9F, 4427, 1},
    {0x0FEA0, 4428, 1},
    {0x0FEA1, 4429, 1},
    {0x0FEA2, 4430, 1},
    {0x0FEA3, 4431, 1},
    {0x0FEA4, 4432, 1},
    {0x0FEA5, 4433, 1},
    {0x0FEA6, 4434, 1},
    {0x0FEA7, 4435, 1},
    {0x0FEA8, 4436, 1},
    {0x0FEA9, 4437, 1},
    {0x0FEAA, 4438, 1},
    {0x0FEAB, 4439, 1},
    {0x0FEAC, 4440, 1},
    {0x0FEAD, 4441, 1},
    {0x0FEAE, 4442, 1},
    {0x0FEAF, 4443, 1},
    {0x0FEB0, 4444, 1},
    {0x0FEB1, 4445, 1},
    {0x0FEB2, 4446, 1},
    {0x0FEB3, 4447, 1},
    {0x0FEB4, 4448, 1},
    {0x0FEB5, 4449, 1},
    {0x0FEB6, 4450, 1},
    {0x0FEB7, 4451, 1},
    {0x0FEB8, 4452, 1},
    {0x0FEB9, 4453, 1},
    {0x0FEBA, 4454, 1},
    {0x0FEBB, 4455, 1},
    {0x0FEBC, 4456, 1},
    {0x0FEBD, 4457, 1},
    {0x0FEBE, 4458, 1},
    {0x0FEBF, 4459, 1},
    {0x0FEC0, 4460, 1},
    {0x0FEC1, 4461, 1},
    {0x0FEC2, 4462, 1},
    {0x0FEC3, 4463, 1},
    {0x0FEC4, 4464, 1},
    {0x0FEC5, 4465, 1},
    {0x0FEC6, 4466, 1},
    {0x0FEC7, 4467, 1},
    {0x0FEC8, 4468, 1},
    {0x0FEC9, 4469, 1},
    {0x0FECA, 4470, 1},
    {0x0FECB, 4471, 1},
    {0x0FECC, 4472, 1},
    {0x0FECD, 4473, 1},
    {0x0FECE, 4474, 1},
    {0x0FECF, 4475, 1},
    {0x0FED0, 4476, 1},
    {0x0FED1, 4477, 1},
    {0x0FED2, 4478, 1},
    {0x0FED3, 4479, 1},
    {0x0FED4, 4480, 1},
    {0x0FED5, 4481, 1},
    {0x0FED6, 4482, 1},
    {0x0FED7, 4483, 1},
    {0x0FED8, 4484, 1},
    {0x0FED9, 4485, 1},
    {0x0FEDA, 4486, 1},
    {0x0FEDB, 4487, 1},
    {0x0FEDC, 4488, 1},
    {0x0FEDD, 4489, 1},
    {0x0FEDE, 4490, 1},
    {0x0FEDF, 4491, 1},
    {0x0FEE0, 4492, 1},
    {0x0FEE1, 4493, 1},
    {0x0FEE2, 4494, 1},
    {0x0FEE3, 4495, 1},
    {0x0FEE4, 4496, 1},
    {0x0FEE5, 4497, 1},
    {0x0FEE6, 4498, 1},
    {0x0FEE7, 4499, 1},
    {0x0FEE8, 4500, 1},
    {0x0FEE9, 4501, 1},
    {0x0FEEA, 4502, 1},
    {0x0FEEB, 4503, 1},
    {0x0FEEC, 4504, 1},
    {0x0FEED, 4505, 1},
    {0x0FEEE, 4506, 1},
    {0x0FEEF, 4507, 1},
    {0x0FEF0, 4508, 1},
    {0x0FEF1, 4509, 1},
    {0x0FEF2, 4510, 1},
    {0x0FEF3, 4511, 1},
    {0x0FEF4, 4512, 1},
    {0x0FEF5, 4513, 3},
    {0x0FEF6, 4516, 3},
    {0x0FEF7, 4519, 3},
    {0x0FEF8, 4522, 3},
    {0x0FEF9, 4525, 3},
    {0x0FEFA, 4528, 3},
    {0x0FEFB, 4531, 2},
    {0x0FEFC, 4533, 2},
    {0x0FF01, 4535, 1},
    {0x0FF02, 4536, 1},
    {0x0FF03, 4537, 1},
    {0x0FF04, 4538, 1},
    {0x0FF05, 4539, 1},
    {0x0FF06, 4540, 1},
    {0x0FF07, 4541, 1},
    {0x0FF08, 4542, 1},
    {0x0FF09, 4543, 1},
    {0x0FF0A, 4544, 1},
    {0x0FF0B, 4545, 1},
    {0x0FF0C, 4546, 1},
    {0x0FF0D, 4547, 1},
    {0x0FF0E, 4548, 1},
    {0x0FF0F, 4549, 1},
    {0x0FF10, 4550, 1},
    {0x0FF11, 4551, 1},
    {0x0FF12, 4552, 1},
    {0x0FF13, 4553, 1},
    {0x0FF14, 4554, 1},
    {0x0FF15, 4555, 1},
    {0x0FF16, 4556, 1},
    {0x0FF17, 4557, 1},
    {0x0FF18, 4558, 1},
    {0x0FF19, 4559, 1},
    {0x0FF1A, 4560, 1},
    {0x0FF1B, 4561, 1},
    {0x0FF1C, 4562, 1},
    {0x0FF1D, 4563, 1},
    {0x0FF1E, 4564, 1},
    {0x0FF1F, 4565, 1},
    {0x0FF20, 4566, 1},
    {0x0FF21, 4567, 1},
    {0x0FF22, 4568, 1},
    {0x0FF23, 4569, 1},
    {0x0FF24, 4570, 1},
    {0x0FF25, 4571, 1},
    {0x0FF26, 4572, 1},
    {0x0FF27, 4573, 1},
    {0x0FF28, 4574, 1},
    {0x0FF29, 4575, 1},
    {0x0FF2A, 4576, 1},
    {0x0FF2B, 4577, 1},
    {0x0FF2C, 4578, 1},
    {0x0FF2D, 4579, 1},
    {0x0FF2E, 4580, 1},
    {0x0FF2F, 4581, 1},
    {0x0FF30, 4582, 1},
    {0x0FF31, 4583, 1},
    {0x0FF32, 4584, 1},
    {0x0FF33, 4585, 1},
    {0x0FF34, 4586, 1},
    {0x0FF35, 4587, 1},
    {0x0FF36, 4588, 1},
    {0x0FF37, 4589, 1},
    {0x0FF38, 4590, 1},
    {0x0FF39, 4591, 1},
    {0x0FF3A, 4592, 1},
    {0x0FF3B, 4593, 1},
    {0x0FF3C, 4594, 1},
    {0x0FF3D, 4595, 1},
    {0x0FF3E, 4596, 1},
    {0x0FF3F, 4597, 1},
    {0x0FF40, 4598, 1},
    {0x0FF41, 4599, 1},
    {0x0FF42, 4600, 1},
    {0x0FF43, 4601, 1},
    {0x0FF44, 4602, 1},
    {0x0FF45, 4603, 1},
    {0x0FF46, 4604, 1},
    {0x0FF47, 4605, 1},
    {0x0FF48, 4606, 1},
    {0x0FF49, 4607, 1},
    {0x0FF4A, 4608, 1},
    {0x0FF4B, 4609, 1},
    {0x0FF4C, 4610, 1},
    {0x0FF4D, 4611, 1},
    {0x0FF4E, 4612, 1},
    {0x0FF4F, 4613, 1},
    {0x0FF50, 4614, 1},
    {0x0FF51, 4615, 1},
    {0x0FF52, 4616, 1},
    {0x0FF53, 4617, 1},
    {0x0FF54, 4618, 1},
    {0x0FF55, 4619, 1},
    {0x0FF56, 4620, 1},
    {0x0FF57, 4621, 1},
    {0x0FF58, 4622, 1},
    {0x0FF59, 4623, 1},
    {0x0FF5A, 4624, 1},
    {0x0FF5B, 4625, 1},
    {0x0FF5C, 4626, 1},
    {0x0FF5D, 4627, 1},
    {0x0FF5E, 4628, 1},
    {0x0FF5F, 4629, 1},
    {0x0FF60, 4630, 1},
    {0x0FF61, 4631, 1},
    {0x0FF62, 4632, 1},
    {0x0FF63, 4633, 1},
    {0x0FF64, 4634, 1},
    {0x0FF65, 4635, 1},
    {0x0FF66, 4636, 1},
    {0x0FF67, 4637, 1},
    {0x0FF68, 4638, 1},
    {0x0FF69, 4639, 1},
    {0x0FF6A, 4640, 1},
    {0x0FF6B, 4641, 1},
    {0x0FF6C, 4642, 1},
    {0x0FF6D, 4643, 1},
    {0x0FF6E, 4644, 1},
    {0x0FF6F, 4645, 1},
    {0x0FF70, 4646, 1},
    {0x0FF71, 4647, 1},
    {0x0FF72, 4648, 1},
    {0x0FF73, 4649, 1},
    {0x0FF74, 4650, 1},
    {0x0FF75, 4651, 1},
    {0x0FF76, 4652, 1},
    {0x0FF77, 4653, 1},
    {0x0FF78, 4654, 1},
    {0x0FF79, 4655, 1},
    {0x0FF7A, 4656, 1},
    {0x0FF7B, 4657, 1},
    {0x0FF7C, 4658, 1},
    {0x0FF7D, 4659, 1},
    {0x0FF7E, 4660, 1},
    {0x0FF7F, 4661, 1},
    {0x0FF80, 4662, 1},
    {0x0FF81, 4663, 1},
    {0x0FF82, 4664, 1},
    {0x0FF83, 4665, 1},
    {0x0FF84, 4666, 1},
    {0x0FF85, 4667, 1},
    {0x0FF86, 4668, 1},
    {0x0FF87, 4669, 1},
    {0x0FF88, 4670, 1},
    {0x0FF89, 4671, 1},
    {0x0FF8A, 4672, 1},
    {0x0FF8B, 4673, 1},
    {0x0FF8C, 4674, 1},
    {0x0FF8D, 4675, 1},
    {0x0FF8E, 4676, 1},
    {0x0FF8F, 4677, 1},
    {0x0FF90, 4678, 1},
    {0x0FF91, 4679, 1},
    {0x0FF92, 4680, 1},
    {0x0FF93, 4681, 1},
    {0x0FF94, 4682, 1},
    {0x0FF95, 4683, 1},
    {0x0FF96, 4684, 1},
    {0x0FF97, 4685, 1},
    {0x0FF98, 4686, 1},
    {0x0FF99, 4687, 1},
    {0x0FF9A, 4688, 1},
    {0x0FF9B, 4689, 1},
    {0x0FF9C, 4690, 1},
    {0x0FF9D, 4691, 1},
    {0x0FF9E, 4692, 1},
    {0x0FF9F, 4693, 1},
    {0x0FFA0, 4694, 1},
    {0x0FFA1, 4695, 1},
    {0x0FFA2, 4696, 1},
    {0x0FFA3, 4697, 1},
    {0x0FFA4, 4698, 1},
    {0x0FFA5, 4699, 1},
    {0x0FFA6, 4700, 1},
    {0x0FFA7, 4701, 1},
    {0x0FFA8, 4702, 1},
    {0x0FFA9, 4703, 1},
    {0x0FFAA, 4704, 1},
    {0x0FFAB, 4705, 1},
    {0x0FFAC, 4706, 1},
    {0x0FFAD, 4707, 1},
    {0x0FFAE, 4708, 1},
    {0x0FFAF, 4709, 1},
    {0x0FFB0, 4710, 1},
    {0x0FFB1, 4711, 1},
    {0x0FFB2, 4712, 1},
    {0x0FFB3, 4713, 1},
    {0x0FFB4, 4714, 1},
    {0x0FFB5, 4715, 1},
    {0x0FFB6, 4716, 1},
    {0x0FFB7, 4717, 1},
    {0x0FFB8, 4718, 1},
    {0x0FFB9, 4719, 1},
    {0x0FFBA, 4720, 1},
    {0x0FFBB, 4721, 1},
    {0x0FFBC, 4722, 1},
    {0x0FFBD, 4723, 1},
    {0x0FFBE, 4724, 1},
    {0x0FFC2, 4725, 1},
    {0x0FFC3, 4726, 1},
    {0x0FFC4, 4727, 1},
    {0x0FFC5, 4728, 1},
    {0x0FFC6, 4729, 1},
    {0x0FFC7, 4730, 1},
    {0x0FFCA, 4731, 1},
    {0x0FFCB, 4732, 1},
    {0x0FFCC, 4733, 1},
    {0x0FFCD, 4734, 1},
    {0x0FFCE, 4735, 1},
    {0x0FFCF, 4736, 1},
    {0x0FFD2, 4737, 1},
    {0x0FFD3, 4738, 1},
    {0x0FFD4, 4739, 1},
    {0x0FFD5, 4740, 1},
    {0x0FFD6, 4741, 1},
    {0x0FFD7, 4742, 1},
    {0x0FFDA, 4743, 1},
    {0x0FFDB, 4744, 1},
    {0x0FFDC, 4745, 1},
    {0x0FFE0, 4746, 1},
    {0x0FFE1, 4747, 1},
    {0x0FFE2, 4748, 1},
    {0x0FFE3, 4749, 2},
    {0x0FFE4, 4751, 1},
    {0x0FFE5, 4752, 1},
    {0x0FFE6, 4753, 1},
    {0x0FFE8, 4754, 1},
    {0x0FFE9, 4755, 1},
    {0x0FFEA, 4756, 1},
    {0x0FFEB, 4757, 1},
    {0x0FFEC, 4758, 1},
    {0x0FFED, 4759, 1},
    {0x0FFEE, 4760, 1},
};
static const uint32_t k_mtl_lower_data[] = {
    0x000E0, 0x000E1, 0x000E2, 0x000E3, 0x000E4, 0x000E5, 0x000E6, 0x000E7,
    0x000E8, 0x000E9, 0x000EA, 0x000EB, 0x000EC, 0x000ED, 0x000EE, 0x000EF,
    0x000F0, 0x000F1, 0x000F2, 0x000F3, 0x000F4, 0x000F5, 0x000F6, 0x000F8,
    0x000F9, 0x000FA, 0x000FB, 0x000FC, 0x000FD, 0x000FE, 0x00101, 0x00103,
    0x00105, 0x00107, 0x00109, 0x0010B, 0x0010D, 0x0010F, 0x00111, 0x00113,
    0x00115, 0x00117, 0x00119, 0x0011B, 0x0011D, 0x0011F, 0x00121, 0x00123,
    0x00125, 0x00127, 0x00129, 0x0012B, 0x0012D, 0x0012F, 0x00069, 0x00307,
    0x00133, 0x00135, 0x00137, 0x0013A, 0x0013C, 0x0013E, 0x00140, 0x00142,
    0x00144, 0x00146, 0x00148, 0x0014B, 0x0014D, 0x0014F, 0x00151, 0x00153,
    0x00155, 0x00157, 0x00159, 0x0015B, 0x0015D, 0x0015F, 0x00161, 0x00163,
    0x00165, 0x00167, 0x00169, 0x0016B, 0x0016D, 0x0016F, 0x00171, 0x00173,
    0x00175, 0x00177, 0x000FF, 0x0017A, 0x0017C, 0x0017E, 0x00253, 0x00183,
    0x00185, 0x00254, 0x00188, 0x00256, 0x00257, 0x0018C, 0x001DD, 0x00259,
    0x0025B, 0x00192, 0x00260, 0x00263, 0x00269, 0x00268, 0x00199, 0x0026F,
    0x00272, 0x00275, 0x001A1, 0x001A3, 0x001A5, 0x00280, 0x001A8, 0x00283,
    0x001AD, 0x00288, 0x001B0, 0x0028A, 0x0028B, 0x001B4, 0x001B6, 0x00292,
    0x001B9, 0x001BD, 0x001C6, 0x001C6, 0x001C9, 0x001C9, 0x001CC, 0x001CC,
    0x001CE, 0x001D0, 0x001D2, 0x001D4, 0x001D6, 0x001D8, 0x001DA, 0x001DC,
    0x001DF, 0x001E1, 0x001E3, 0x001E5, 0x001E7, 0x001E9, 0x001EB, 0x001ED,
    0x001EF, 0x001F3, 0x001F3, 0x001F5, 0x00195, 0x001BF, 0x001F9, 0x001FB,
    0x001FD, 0x001FF, 0x00201, 0x00203, 0x00205, 0x00207, 0x00209, 0x0020B,
    0x0020D, 0x0020F, 0x00211, 0x00213, 0x00215, 0x00217, 0x00219, 0x0021B,
    0x0021D, 0x0021F, 0x0019E, 0x00223, 0x00225, 0x00227, 0x00229, 0x0022B,
    0x0022D, 0x0022F, 0x00231, 0x00233, 0x02C65, 0x0023C, 0x0019A, 0x02C66,
    0x00242, 0x00180, 0x00289, 0x0028C, 0x00247, 0x00249, 0x0024B, 0x0024D,
    0x0024F, 0x00371, 0x00373, 0x00377, 0x003F3, 0x003AC, 0x003AD, 0x003AE,
    0x003AF, 0x003CC, 0x003CD, 0x003CE, 0x003B1, 0x003B2, 0x003B3, 0x003B4,
    0x003B5, 0x003B6, 0x003B7, 0x003B8, 0x003B9, 0x003BA, 0x003BB, 0x003BC,
    0x003BD, 0x003BE, 0x003BF, 0x003C0, 0x003C1, 0x003C3, 0x003C4, 0x003C5,
    0x003C6, 0x003C7, 0x003C8, 0x003C9, 0x003CA, 0x003CB, 0x003D7, 0x003D9,
    0x003DB, 0x003DD, 0x003DF, 0x003E1, 0x003E3, 0x003E5, 0x003E7, 0x003E9,
    0x003EB, 0x003ED, 0x003EF, 0x003B8, 0x003F8, 0x003F2, 0x003FB, 0x0037B,
    0x0037C, 0x0037D, 0x00450, 0x00451, 0x00452, 0x00453, 0x00454, 0x00455,
    0x00456, 0x00457, 0x00458, 0x00459, 0x0045A, 0x0045B, 0x0045C, 0x0045D,
    0x0045E, 0x0045F, 0x00430, 0x00431, 0x00432, 0x00433, 0x00434, 0x00435,
    0x00436, 0x00437, 0x00438, 0x00439, 0x0043A, 0x0043B, 0x0043C, 0x0043D,
    0x0043E, 0x0043F, 0x00440, 0x00441, 0x00442, 0x00443, 0x00444, 0x00445,
    0x00446, 0x00447, 0x00448, 0x00449, 0x0044A, 0x0044B, 0x0044C, 0x0044D,
    0x0044E, 0x0044F, 0x00461, 0x00463, 0x00465, 0x00467, 0x00469, 0x0046B,
    0x0046D, 0x0046F, 0x00471, 0x00473, 0x00475, 0x00477, 0x00479, 0x0047B,
    0x0047D, 0x0047F, 0x00481, 0x0048B, 0x0048D, 0x0048F, 0x00491, 0x00493,
    0x00495, 0x00497, 0x00499, 0x0049B, 0x0049D, 0x0049F, 0x004A1, 0x004A3,
    0x004A5, 0x004A7, 0x004A9, 0x004AB, 0x004AD, 0x004AF, 0x004B1, 0x004B3,
    0x004B5, 0x004B7, 0x004B9, 0x004BB, 0x004BD, 0x004BF, 0x004CF, 0x004C2,
    0x004C4, 0x004C6, 0x004C8, 0x004CA, 0x004CC, 0x004CE, 0x004D1, 0x004D3,
    0x004D5, 0x004D7, 0x004D9, 0x004DB, 0x004DD, 0x004DF, 0x004E1, 0x004E3,
    0x004E5, 0x004E7, 0x004E9, 0x004EB, 0x004ED, 0x004EF, 0x004F1, 0x004F3,
    0x004F5, 0x004F7, 0x004F9, 0x004FB, 0x004FD, 0x004FF, 0x00501, 0x00503,
    0x00505, 0x00507, 0x00509, 0x0050B, 0x0050D, 0x0050F, 0x00511, 0x00513,
    0x00515, 0x00517, 0x00519, 0x0051B, 0x0051D, 0x0051F, 0x00521, 0x00523,
    0x00525, 0x00527, 0x00529, 0x0052B, 0x0052D, 0x0052F, 0x01E01, 0x01E03,
    0x01E05, 0x01E07, 0x01E09, 0x01E0B, 0x01E0D, 0x01E0F, 0x01E11, 0x01E13,
    0x01E15, 0x01E17, 0x01E19, 0x01E1B, 0x01E1D, 0x01E1F, 0x01E21, 0x01E23,
    0x01E25, 0x01E27, 0x01E29, 0x01E2B, 0x01E2D, 0x01E2F, 0x01E31, 0x01E33,
    0x01E35, 0x01E37, 0x01E39, 0x01E3B, 0x01E3D, 0x01E3F, 0x01E41, 0x01E43,
    0x01E45, 0x01E47, 0x01E49, 0x01E4B, 0x01E4D, 0x01E4F, 0x01E51, 0x01E53,
    0x01E55, 0x01E57, 0x01E59, 0x01E5B, 0x01E5D, 0x01E5F, 0x01E61, 0x01E63,
    0x01E65, 0x01E67, 0x01E69, 0x01E6B, 0x01E6D, 0x01E6F, 0x01E71, 0x01E73,
    0x01E75, 0x01E77, 0x01E79, 0x01E7B, 0x01E7D, 0x01E7F, 0x01E81, 0x01E83,
    0x01E85, 0x01E87, 0x01E89, 0x01E8B, 0x01E8D, 0x01E8F, 0x01E91, 0x01E93,
    0x01E95, 0x000DF, 0x01EA1, 0x01EA3, 0x01EA5, 0x01EA7, 0x01EA9, 0x01EAB,
    0x01EAD, 0x01EAF, 0x01EB1, 0x01EB3, 0x01EB5, 0x01EB7, 0x01EB9, 0x01EBB,
    0x01EBD, 0x01EBF, 0x01EC1, 0x01EC3, 0x01EC5, 0x01EC7, 0x01EC9, 0x01ECB,
    0x01ECD, 0x01ECF, 0x01ED1, 0x01ED3, 0x01ED5, 0x01ED7, 0x01ED9, 0x01EDB,
    0x01EDD, 0x01EDF, 0x01EE1, 0x01EE3, 0x01EE5, 0x01EE7, 0x01EE9, 0x01EEB,
    0x01EED, 0x01EEF, 0x01EF1, 0x01EF3, 0x01EF5, 0x01EF7, 0x01EF9, 0x01EFB,
    0x01EFD, 0x01EFF, 0x01F00, 0x01F01, 0x01F02, 0x01F03, 0x01F04, 0x01F05,
    0x01F06, 0x01F07, 0x01F10, 0x01F11, 0x01F12, 0x01F13, 0x01F14, 0x01F15,
    0x01F20, 0x01F21, 0x01F22, 0x01F23, 0x01F24, 0x01F25, 0x01F26, 0x01F27,
    0x01F30, 0x01F31, 0x01F32, 0x01F33, 0x01F34, 0x01F35, 0x01F36, 0x01F37,
    0x01F40, 0x01F41, 0x01F42, 0x01F43, 0x01F44, 0x01F45, 0x01F51, 0x01F53,
    0x01F55, 0x01F57, 0x01F60, 0x01F61, 0x01F62, 0x01F63, 0x01F64, 0x01F65,
    0x01F66, 0x01F67, 0x01F80, 0x01F81, 0x01F82, 0x01F83, 0x01F84, 0x01F85,
    0x01F86, 0x01F87, 0x01F90, 0x01F91, 0x01F92, 0x01F93, 0x01F94, 0x01F95,
    0x01F96, 0x01F97, 0x01FA0, 0x01FA1, 0x01FA2, 0x01FA3, 0x01FA4, 0x01FA5,
    0x01FA6, 0x01FA7, 0x01FB0, 0x01FB1, 0x01F70, 0x01F71, 0x01FB3, 0x01F72,
    0x01F73, 0x01F74, 0x01F75, 0x01FC3, 0x01FD0, 0x01FD1, 0x01F76, 0x01F77,
    0x01FE0, 0x01FE1, 0x01F7A, 0x01F7B, 0x01FE5, 0x01F78, 0x01F79, 0x01F7C,
    0x01F7D, 0x01FF3, 0x003C9, 0x0006B, 0x000E5, 0x0214E, 0x02170, 0x02171,
    0x02172, 0x02173, 0x02174, 0x02175, 0x02176, 0x02177, 0x02178, 0x02179,
    0x0217A, 0x0217B, 0x0217C, 0x0217D, 0x0217E, 0x0217F, 0x02184, 0x024D0,
    0x024D1, 0x024D2, 0x024D3, 0x024D4, 0x024D5, 0x024D6, 0x024D7, 0x024D8,
    0x024D9, 0x024DA, 0x024DB, 0x024DC, 0x024DD, 0x024DE, 0x024DF, 0x024E0,
    0x024E1, 0x024E2, 0x024E3, 0x024E4, 0x024E5, 0x024E6, 0x024E7, 0x024E8,
    0x024E9, 0x0FF41, 0x0FF42, 0x0FF43, 0x0FF44, 0x0FF45, 0x0FF46, 0x0FF47,
    0x0FF48, 0x0FF49, 0x0FF4A, 0x0FF4B, 0x0FF4C, 0x0FF4D, 0x0FF4E, 0x0FF4F,
    0x0FF50, 0x0FF51, 0x0FF52, 0x0FF53, 0x0FF54, 0x0FF55, 0x0FF56, 0x0FF57,
    0x0FF58, 0x0FF59, 0x0FF5A,
};
static const mtl_unicode_entry k_mtl_lower_table[] = {
    {0x000C0, 0, 1},
    {0x000C1, 1, 1},
    {0x000C2, 2, 1},
    {0x000C3, 3, 1},
    {0x000C4, 4, 1},
    {0x000C5, 5, 1},
    {0x000C6, 6, 1},
    {0x000C7, 7, 1},
    {0x000C8, 8, 1},
    {0x000C9, 9, 1},
    {0x000CA, 10, 1},
    {0x000CB, 11, 1},
    {0x000CC, 12, 1},
    {0x000CD, 13, 1},
    {0x000CE, 14, 1},
    {0x000CF, 15, 1},
    {0x000D0, 16, 1},
    {0x000D1, 17, 1},
    {0x000D2, 18, 1},
    {0x000D3, 19, 1},
    {0x000D4, 20, 1},
    {0x000D5, 21, 1},
    {0x000D6, 22, 1},
    {0x000D8, 23, 1},
    {0x000D9, 24, 1},
    {0x000DA, 25, 1},
    {0x000DB, 26, 1},
    {0x000DC, 27, 1},
    {0x000DD, 28, 1},
    {0x000DE, 29, 1},
    {0x00100, 30, 1},
    {0x00102, 31, 1},
    {0x00104, 32, 1},
    {0x00106, 33, 1},
    {0x00108, 34, 1},
    {0x0010A, 35, 1},
    {0x0010C, 36, 1},
    {0x0010E, 37, 1},
    {0x00110, 38, 1},
    {0x00112, 39, 1},
    {0x00114, 40, 1},
    {0x00116, 41, 1},
    {0x00118, 42, 1},
    {0x0011A, 43, 1},
    {0x0011C, 44, 1},
    {0x0011E, 45, 1},
    {0x00120, 46, 1},
    {0x00122, 47, 1},
    {0x00124, 48, 1},
    {0x00126, 49, 1},
    {0x00128, 50, 1},
    {0x0012A, 51, 1},
    {0x0012C, 52, 1},
    {0x0012E, 53, 1},
    {0x00130, 54, 2},
    {0x00132, 56, 1},
    {0x00134, 57, 1},
    {0x00136, 58, 1},
    {0x00139, 59, 1},
    {0x0013B, 60, 1},
    {0x0013D, 61, 1},
    {0x0013F, 62, 1},
    {0x00141, 63, 1},
    {0x00143, 64, 1},
    {0x00145, 65, 1},
    {0x00147, 66, 1},
    {0x0014A, 67, 1},
    {0x0014C, 68, 1},
    {0x0014E, 69, 1},
    {0x00150, 70, 1},
    {0x00152, 71, 1},
    {0x00154, 72, 1},
    {0x00156, 73, 1},
    {0x00158, 74, 1},
    {0x0015A, 75, 1},
    {0x0015C, 76, 1},
    {0x0015E, 77, 1},
    {0x00160, 78, 1},
    {0x00162, 79, 1},
    {0x00164, 80, 1},
    {0x00166, 81, 1},
    {0x00168, 82, 1},
    {0x0016A, 83, 1},
    {0x0016C, 84, 1},
    {0x0016E, 85, 1},
    {0x00170, 86, 1},
    {0x00172, 87, 1},
    {0x00174, 88, 1},
    {0x00176, 89, 1},
    {0x00178, 90, 1},
    {0x00179, 91, 1},
    {0x0017B, 92, 1},
    {0x0017D, 93, 1},
    {0x00181, 94, 1},
    {0x00182, 95, 1},
    {0x00184, 96, 1},
    {0x00186, 97, 1},
    {0x00187, 98, 1},
    {0x00189, 99, 1},
    {0x0018A, 100, 1},
    {0x0018B, 101, 1},
    {0x0018E, 102, 1},
    {0x0018F, 103, 1},
    {0x00190, 104, 1},
    {0x00191, 105, 1},
    {0x00193, 106, 1},
    {0x00194, 107, 1},
    {0x00196, 108, 1},
    {0x00197, 109, 1},
    {0x00198, 110, 1},
    {0x0019C, 111, 1},
    {0x0019D, 112, 1},
    {0x0019F, 113, 1},
    {0x001A0, 114, 1},
    {0x001A2, 115, 1},
    {0x001A4, 116, 1},
    {0x001A6, 117, 1},
    {0x001A7, 118, 1},
    {0x001A9, 119, 1},
    {0x001AC, 120, 1},
    {0x001AE, 121, 1},
    {0x001AF, 122, 1},
    {0x001B1, 123, 1},
    {0x001B2, 124, 1},
    {0x001B3, 125, 1},
    {0x001B5, 126, 1},
    {0x001B7, 127, 1},
    {0x001B8, 128, 1},
    {0x001BC, 129, 1},
    {0x001C4, 130, 1},
    {0x001C5, 131, 1},
    {0x001C7, 132, 1},
    {0x001C8, 133, 1},
    {0x001CA, 134, 1},
    {0x001CB, 135, 1},
    {0x001CD, 136, 1},
    {0x001CF, 137, 1},
    {0x001D1, 138, 1},
    {0x001D3, 139, 1},
    {0x001D5, 140, 1},
    {0x001D7, 141, 1},
    {0x001D9, 142, 1},
    {0x001DB, 143, 1},
    {0x001DE, 144, 1},
    {0x001E0, 145, 1},
    {0x001E2, 146, 1},
    {0x001E4, 147, 1},
    {0x001E6, 148, 1},
    {0x001E8, 149, 1},
    {0x001EA, 150, 1},
    {0x001EC, 151, 1},
    {0x001EE, 152, 1},
    {0x001F1, 153, 1},
    {0x001F2, 154, 1},
    {0x001F4, 155, 1},
    {0x001F6, 156, 1},
    {0x001F7, 157, 1},
    {0x001F8, 158, 1},
    {0x001FA, 159, 1},
    {0x001FC, 160, 1},
    {0x001FE, 161, 1},
    {0x00200, 162, 1},
    {0x00202, 163, 1},
    {0x00204, 164, 1},
    {0x00206, 165, 1},
    {0x00208, 166, 1},
    {0x0020A, 167, 1},
    {0x0020C, 168, 1},
    {0x0020E, 169, 1},
    {0x00210, 170, 1},
    {0x00212, 171, 1},
    {0x00214, 172, 1},
    {0x00216, 173, 1},
    {0x00218, 174, 1},
    {0x0021A, 175, 1},
    {0x0021C, 176, 1},
    {0x0021E, 177, 1},
    {0x00220, 178, 1},
    {0x00222, 179, 1},
    {0x00224, 180, 1},
    {0x00226, 181, 1},
    {0x00228, 182, 1},
    {0x0022A, 183, 1},
    {0x0022C, 184, 1},
    {0x0022E, 185, 1},
    {0x00230, 186, 1},
    {0x00232, 187, 1},
    {0x0023A, 188, 1},
    {0x0023B, 189, 1},
    {0x0023D, 190, 1},
    {0x0023E, 191, 1},
    {0x00241, 192, 1},
    {0x00243, 193, 1},
    {0x00244, 194, 1},
    {0x00245, 195, 1},
    {0x00246, 196, 1},
    {0x00248, 197, 1},
    {0x0024A, 198, 1},
    {0x0024C, 199, 1},
    {0x0024E, 200, 1},
    {0x00370, 201, 1},
    {0x00372, 202, 1},
    {0x00376, 203, 1},
    {0x0037F, 204, 1},
    {0x00386, 205, 1},
    {0x00388, 206, 1},
    {0x00389, 207, 1},
    {0x0038A, 208, 1},
    {0x0038C, 209, 1},
    {0x0038E, 210, 1},
    {0x0038F, 211, 1},
    {0x00391, 212, 1},
    {0x00392, 213, 1},
    {0x00393, 214, 1},
    {0x00394, 215, 1},
    {0x00395, 216, 1},
    {0x00396, 217, 1},
    {0x00397, 218, 1},
    {0x00398, 219, 1},
    {0x00399, 220, 1},
    {0x0039A, 221, 1},
    {0x0039B, 222, 1},
    {0x0039C, 223, 1},
    {0x0039D, 224, 1},
    {0x0039E, 225, 1},
    {0x0039F, 226, 1},
    {0x003A0, 227, 1},
    {0x003A1, 228, 1},
    {0x003A3, 229, 1},
    {0x003A4, 230, 1},
    {0x003A5, 231, 1},
    {0x003A6, 232, 1},
    {0x003A7, 233, 1},
    {0x003A8, 234, 1},
    {0x003A9, 235, 1},
    {0x003AA, 236, 1},
    {0x003AB, 237, 1},
    {0x003CF, 238, 1},
    {0x003D8, 239, 1},
    {0x003DA, 240, 1},
    {0x003DC, 241, 1},
    {0x003DE, 242, 1},
    {0x003E0, 243, 1},
    {0x003E2, 244, 1},
    {0x003E4, 245, 1},
    {0x003E6, 246, 1},
    {0x003E8, 247, 1},
    {0x003EA, 248, 1},
    {0x003EC, 249, 1},
    {0x003EE, 250, 1},
    {0x003F4, 251, 1},
    {0x003F7, 252, 1},
    {0x003F9, 253, 1},
    {0x003FA, 254, 1},
    {0x003FD, 255, 1},
    {0x003FE, 256, 1},
    {0x003FF, 257, 1},
    {0x00400, 258, 1},
    {0x00401, 259, 1},
    {0x00402, 260, 1},
    {0x00403, 261, 1},
    {0x00404, 262, 1},
    {0x00405, 263, 1},
    {0x00406, 264, 1},
    {0x00407, 265, 1},
    {0x00408, 266, 1},
    {0x00409, 267, 1},
    {0x0040A, 268, 1},
    {0x0040B, 269, 1},
    {0x0040C, 270, 1},
    {0x0040D, 271, 1},
    {0x0040E, 272, 1},
    {0x0040F, 273, 1},
    {0x00410, 274, 1},
    {0x00411, 275, 1},
    {0x00412, 276, 1},
    {0x00413, 277, 1},
    {0x00414, 278, 1},
    {0x00415, 279, 1},
    {0x00416, 280, 1},
    {0x00417, 281, 1},
    {0x00418, 282, 1},
    {0x00419, 283, 1},
    {0x0041A, 284, 1},
    {0x0041B, 285, 1},
    {0x0041C, 286, 1},
    {0x0041D, 287, 1},
    {0x0041E, 288, 1},
    {0x0041F, 289, 1},
    {0x00420, 290, 1},
    {0x00421, 291, 1},
    {0x00422, 292, 1},
    {0x00423, 293, 1},
    {0x00424, 294, 1},
    {0x00425, 295, 1},
    {0x00426, 296, 1},
    {0x00427, 297, 1},
    {0x00428, 298, 1},
    {0x00429, 299, 1},
    {0x0042A, 300, 1},
    {0x0042B, 301, 1},
    {0x0042C, 302, 1},
    {0x0042D, 303, 1},
    {0x0042E, 304, 1},
    {0x0042F, 305, 1},
    {0x00460, 306, 1},
    {0x00462, 307, 1},
    {0x00464, 308, 1},
    {0x00466, 309, 1},
    {0x00468, 310, 1},
    {0x0046A, 311, 1},
    {0x0046C, 312, 1},
    {0x0046E, 313, 1},
    {0x00470, 314, 1},
    {0x00472, 315, 1},
    {0x00474, 316, 1},
    {0x00476, 317, 1},
    {0x00478, 318, 1},
    {0x0047A, 319, 1},
    {0x0047C, 320, 1},
    {0x0047E, 321, 1},
    {0x00480, 322, 1},
    {0x0048A, 323, 1},
    {0x0048C, 324, 1},
    {0x0048E, 325, 1},
    {0x00490, 326, 1},
    {0x00492, 327, 1},
    {0x00494, 328, 1},
    {0x00496, 329, 1},
    {0x00498, 330, 1},
    {0x0049A, 331, 1},
    {0x0049C, 332, 1},
    {0x0049E, 333, 1},
    {0x004A0, 334, 1},
    {0x004A2, 335, 1},
    {0x004A4, 336, 1},
    {0x004A6, 337, 1},
    {0x004A8, 338, 1},
    {0x004AA, 339, 1},
    {0x004AC, 340, 1},
    {0x004AE, 341, 1},
    {0x004B0, 342, 1},
    {0x004B2, 343, 1},
    {0x004B4, 344, 1},
    {0x004B6, 345, 1},
    {0x004B8, 346, 1},
    {0x004BA, 347, 1},
    {0x004BC, 348, 1},
    {0x004BE, 349, 1},
    {0x004C0, 350, 1},
    {0x004C1, 351, 1},
    {0x004C3, 352, 1},
    {0x004C5, 353, 1},
    {0x004C7, 354, 1},
    {0x004C9, 355, 1},
    {0x004CB, 356, 1},
    {0x004CD, 357, 1},
    {0x004D0, 358, 1},
    {0x004D2, 359, 1},
    {0x004D4, 360, 1},
    {0x004D6, 361, 1},
    {0x004D8, 362, 1},
    {0x004DA, 363, 1},
    {0x004DC, 364, 1},
    {0x004DE, 365, 1},
    {0x004E0, 366, 1},
    {0x004E2, 367, 1},
    {0x004E4, 368, 1},
    {0x004E6, 369, 1},
    {0x004E8, 370, 1},
    {0x004EA, 371, 1},
    {0x004EC, 372, 1},
    {0x004EE, 373, 1},
    {0x004F0, 374, 1},
    {0x004F2, 375, 1},
    {0x004F4, 376, 1},
    {0x004F6, 377, 1},
    {0x004F8, 378, 1},
    {0x004FA, 379, 1},
    {0x004FC, 380, 1},
    {0x004FE, 381, 1},
    {0x00500, 382, 1},
    {0x00502, 383, 1},
    {0x00504, 384, 1},
    {0x00506, 385, 1},
    {0x00508, 386, 1},
    {0x0050A, 387, 1},
    {0x0050C, 388, 1},
    {0x0050E, 389, 1},
    {0x00510, 390, 1},
    {0x00512, 391, 1},
    {0x00514, 392, 1},
    {0x00516, 393, 1},
    {0x00518, 394, 1},
    {0x0051A, 395, 1},
    {0x0051C, 396, 1},
    {0x0051E, 397, 1},
    {0x00520, 398, 1},
    {0x00522, 399, 1},
    {0x00524, 400, 1},
    {0x00526, 401, 1},
    {0x00528, 402, 1},
    {0x0052A, 403, 1},
    {0x0052C, 404, 1},
    {0x0052E, 405, 1},
    {0x01E00, 406, 1},
    {0x01E02, 407, 1},
    {0x01E04, 408, 1},
    {0x01E06, 409, 1},
    {0x01E08, 410, 1},
    {0x01E0A, 411, 1},
    {0x01E0C, 412, 1},
    {0x01E0E, 413, 1},
    {0x01E10, 414, 1},
    {0x01E12, 415, 1},
    {0x01E14, 416, 1},
    {0x01E16, 417, 1},
    {0x01E18, 418, 1},
    {0x01E1A, 419, 1},
    {0x01E1C, 420, 1},
    {0x01E1E, 421, 1},
    {0x01E20, 422, 1},
    {0x01E22, 423, 1},
    {0x01E24, 424, 1},
    {0x01E26, 425, 1},
    {0x01E28, 426, 1},
    {0x01E2A, 427, 1},
    {0x01E2C, 428, 1},
    {0x01E2E, 429, 1},
    {0x01E30, 430, 1},
    {0x01E32, 431, 1},
    {0x01E34, 432, 1},
    {0x01E36, 433, 1},
    {0x01E38, 434, 1},
    {0x01E3A, 435, 1},
    {0x01E3C, 436, 1},
    {0x01E3E, 437, 1},
    {0x01E40, 438, 1},
    {0x01E42, 439, 1},
    {0x01E44, 440, 1},
    {0x01E46, 441, 1},
    {0x01E48, 442, 1},
    {0x01E4A, 443, 1},
    {0x01E4C, 444, 1},
    {0x01E4E, 445, 1},
    {0x01E50, 446, 1},
    {0x01E52, 447, 1},
    {0x01E54, 448, 1},
    {0x01E56, 449, 1},
    {0x01E58, 450, 1},
    {0x01E5A, 451, 1},
    {0x01E5C, 452, 1},
    {0x01E5E, 453, 1},
    {0x01E60, 454, 1},
    {0x01E62, 455, 1},
    {0x01E64, 456, 1},
    {0x01E66, 457, 1},
    {0x01E68, 458, 1},
    {0x01E6A, 459, 1},
    {0x01E6C, 460, 1},
    {0x01E6E, 461, 1},
    {0x01E70, 462, 1},
    {0x01E72, 463, 1},
    {0x01E74, 464, 1},
    {0x01E76, 465, 1},
    {0x01E78, 466, 1},
    {0x01E7A, 467, 1},
    {0x01E7C, 468, 1},
    {0x01E7E, 469, 1},
    {0x01E80, 470, 1},
    {0x01E82, 471, 1},
    {0x01E84, 472, 1},
    {0x01E86, 473, 1},
    {0x01E88, 474, 1},
    {0x01E8A, 475, 1},
    {0x01E8C, 476, 1},
    {0x01E8E, 477, 1},
    {0x01E90, 478, 1},
    {0x01E92, 479, 1},
    {0x01E94, 480, 1},
    {0x01E9E, 481, 1},
    {0x01EA0, 482, 1},
    {0x01EA2, 483, 1},
    {0x01EA4, 484, 1},
    {0x01EA6, 485, 1},
    {0x01EA8, 486, 1},
    {0x01EAA, 487, 1},
    {0x01EAC, 488, 1},
    {0x01EAE, 489, 1},
    {0x01EB0, 490, 1},
    {0x01EB2, 491, 1},
    {0x01EB4, 492, 1},
    {0x01EB6, 493, 1},
    {0x01EB8, 494, 1},
    {0x01EBA, 495, 1},
    {0x01EBC, 496, 1},
    {0x01EBE, 497, 1},
    {0x01EC0, 498, 1},
    {0x01EC2, 499, 1},
    {0x01EC4, 500, 1},
    {0x01EC6, 501, 1},
    {0x01EC8, 502, 1},
    {0x01ECA, 503, 1},
    {0x01ECC, 504, 1},
    {0x01ECE, 505, 1},
    {0x01ED0, 506, 1},
    {0x01ED2, 507, 1},
    {0x01ED4, 508, 1},
    {0x01ED6, 509, 1},
    {0x01ED8, 510, 1},
    {0x01EDA, 511, 1},
    {0x01EDC, 512, 1},
    {0x01EDE, 513, 1},
    {0x01EE0, 514, 1},
    {0x01EE2, 515, 1},
    {0x01EE4, 516, 1},
    {0x01EE6, 517, 1},
    {0x01EE8, 518, 1},
    {0x01EEA, 519, 1},
    {0x01EEC, 520, 1},
    {0x01EEE, 521, 1},
    {0x01EF0, 522, 1},
    {0x01EF2, 523, 1},
    {0x01EF4, 524, 1},
    {0x01EF6, 525, 1},
    {0x01EF8, 526, 1},
    {0x01EFA, 527, 1},
    {0x01EFC, 528, 1},
    {0x01EFE, 529, 1},
    {0x01F08, 530, 1},
    {0x01F09, 531, 1},
    {0x01F0A, 532, 1},
    {0x01F0B, 533, 1},
    {0x01F0C, 534, 1},
    {0x01F0D, 535, 1},
    {0x01F0E, 536, 1},
    {0x01F0F, 537, 1},
    {0x01F18, 538, 1},
    {0x01F19, 539, 1},
    {0x01F1A, 540, 1},
    {0x01F1B, 541, 1},
    {0x01F1C, 542, 1},
    {0x01F1D, 543, 1},
    {0x01F28, 544, 1},
    {0x01F29, 545, 1},
    {0x01F2A, 546, 1},
    {0x01F2B, 547, 1},
    {0x01F2C, 548, 1},
    {0x01F2D, 549, 1},
    {0x01F2E, 550, 1},
    {0x01F2F, 551, 1},
    {0x01F38, 552, 1},
    {0x01F39, 553, 1},
    {0x01F3A, 554, 1},
    {0x01F3B, 555, 1},
    {0x01F3C, 556, 1},
    {0x01F3D, 557, 1},
    {0x01F3E, 558, 1},
    {0x01F3F, 559, 1},
    {0x01F48, 560, 1},
    {0x01F49, 561, 1},
    {0x01F4A, 562, 1},
    {0x01F4B, 563, 1},
    {0x01F4C, 564, 1},
    {0x01F4D, 565, 1},
    {0x01F59, 566, 1},
    {0x01F5B, 567, 1},
    {0x01F5D, 568, 1},
    {0x01F5F, 569, 1},
    {0x01F68, 570, 1},
    {0x01F69, 571, 1},
    {0x01F6A, 572, 1},
    {0x01F6B, 573, 1},
    {0x01F6C, 574, 1},
    {0x01F6D, 575, 1},
    {0x01F6E, 576, 1},
    {0x01F6F, 577, 1},
    {0x01F88, 578, 1},
    {0x01F89, 579, 1},
    {0x01F8A, 580, 1},
    {0x01F8B, 581, 1},
    {0x01F8C, 582, 1},
    {0x01F8D, 583, 1},
    {0x01F8E, 584, 1},
    {0x01F8F, 585, 1},
    {0x01F98, 586, 1},
    {0x01F99, 587, 1},
    {0x01F9A, 588, 1},
    {0x01F9B, 589, 1},
    {0x01F9C, 590, 1},
    {0x01F9D, 591, 1},
    {0x01F9E, 592, 1},
    {0x01F9F, 593, 1},
    {0x01FA8, 594, 1},
    {0x01FA9, 595, 1},
    {0x01FAA, 596, 1},
    {0x01FAB, 597, 1},
    {0x01FAC, 598, 1},
    {0x01FAD, 599, 1},
    {0x01FAE, 600, 1},
    {0x01FAF, 601, 1},
    {0x01FB8, 602, 1},
    {0x01FB9, 603, 1},
    {0x01FBA, 604, 1},
    {0x01FBB, 605, 1},
    {0x01FBC, 606, 1},
    {0x01FC8, 607, 1},
    {0x01FC9, 608, 1},
    {0x01FCA, 609, 1},
    {0x01FCB, 610, 1},
    {0x01FCC, 611, 1},
    {0x01FD8, 612, 1},
    {0x01FD9, 613, 1},
    {0x01FDA, 614, 1},
    {0x01FDB, 615, 1},
    {0x01FE8, 616, 1},
    {0x01FE9, 617, 1},
    {0x01FEA, 618, 1},
    {0x01FEB, 619, 1},
    {0x01FEC, 620, 1},
    {0x01FF8, 621, 1},
    {0x01FF9, 622, 1},
    {0x01FFA, 623, 1},
    {0x01FFB, 624, 1},
    {0x01FFC, 625, 1},
    {0x02126, 626, 1},
    {0x0212A, 627, 1},
    {0x0212B, 628, 1},
    {0x02132, 629, 1},
    {0x02160, 630, 1},
    {0x02161, 631, 1},
    {0x02162, 632, 1},
    {0x02163, 633, 1},
    {0x02164, 634, 1},
    {0x02165, 635, 1},
    {0x02166, 636, 1},
    {0x02167, 637, 1},
    {0x02168, 638, 1},
    {0x02169, 639, 1},
    {0x0216A, 640, 1},
    {0x0216B, 641, 1},
    {0x0216C, 642, 1},
    {0x0216D, 643, 1},
    {0x0216E, 644, 1},
    {0x0216F, 645, 1},
    {0x02183, 646, 1},
    {0x024B6, 647, 1},
    {0x024B7, 648, 1},
    {0x024B8, 649, 1},
    {0x024B9, 650, 1},
    {0x024BA, 651, 1},
    {0x024BB, 652, 1},
    {0x024BC, 653, 1},
    {0x024BD, 654, 1},
    {0x024BE, 655, 1},
    {0x024BF, 656, 1},
    {0x024C0, 657, 1},
    {0x024C1, 658, 1},
    {0x024C2, 659, 1},
    {0x024C3, 660, 1},
    {0x024C4, 661, 1},
    {0x024C5, 662, 1},
    {0x024C6, 663, 1},
    {0x024C7, 664, 1},
    {0x024C8, 665, 1},
    {0x024C9, 666, 1},
    {0x024CA, 667, 1},
    {0x024CB, 668, 1},
    {0x024CC, 669, 1},
    {0x024CD, 670, 1},
    {0x024CE, 671, 1},
    {0x024CF, 672, 1},
    {0x0FF21, 673, 1},
    {0x0FF22, 674, 1},
    {0x0FF23, 675, 1},
    {0x0FF24, 676, 1},
    {0x0FF25, 677, 1},
    {0x0FF26, 678, 1},
    {0x0FF27, 679, 1},
    {0x0FF28, 680, 1},
    {0x0FF29, 681, 1},
    {0x0FF2A, 682, 1},
    {0x0FF2B, 683, 1},
    {0x0FF2C, 684, 1},
    {0x0FF2D, 685, 1},
    {0x0FF2E, 686, 1},
    {0x0FF2F, 687, 1},
    {0x0FF30, 688, 1},
    {0x0FF31, 689, 1},
    {0x0FF32, 690, 1},
    {0x0FF33, 691, 1},
    {0x0FF34, 692, 1},
    {0x0FF35, 693, 1},
    {0x0FF36, 694, 1},
    {0x0FF37, 695, 1},
    {0x0FF38, 696, 1},
    {0x0FF39, 697, 1},
    {0x0FF3A, 698, 1},
};
static const mtl_ccc_entry k_mtl_ccc_table[] = {
    {0x00300, 230},
    {0x00301, 230},
    {0x00302, 230},
    {0x00303, 230},
    {0x00304, 230},
    {0x00305, 230},
    {0x00306, 230},
    {0x00307, 230},
    {0x00308, 230},
    {0x00309, 230},
    {0x0030A, 230},
    {0x0030B, 230},
    {0x0030C, 230},
    {0x0030D, 230},
    {0x0030E, 230},
    {0x0030F, 230},
    {0x00310, 230},
    {0x00311, 230},
    {0x00312, 230},
    {0x00313, 230},
    {0x00314, 230},
    {0x00315, 232},
    {0x00316, 220},
    {0x00317, 220},
    {0x00318, 220},
    {0x00319, 220},
    {0x0031A, 232},
    {0x0031B, 216},
    {0x0031C, 220},
    {0x0031D, 220},
    {0x0031E, 220},
    {0x0031F, 220},
    {0x00320, 220},
    {0x00321, 202},
    {0x00322, 202},
    {0x00323, 220},
    {0x00324, 220},
    {0x00325, 220},
    {0x00326, 220},
    {0x00327, 202},
    {0x00328, 202},
    {0x00329, 220},
    {0x0032A, 220},
    {0x0032B, 220},
    {0x0032C, 220},
    {0x0032D, 220},
    {0x0032E, 220},
    {0x0032F, 220},
    {0x00330, 220},
    {0x00331, 220},
    {0x00332, 220},
    {0x00333, 220},
    {0x00334, 1},
    {0x00335, 1},
    {0x00336, 1},
    {0x00337, 1},
    {0x00338, 1},
    {0x00339, 220},
    {0x0033A, 220},
    {0x0033B, 220},
    {0x0033C, 220},
    {0x0033D, 230},
    {0x0033E, 230},
    {0x0033F, 230},
    {0x00340, 230},
    {0x00341, 230},
    {0x00342, 230},
    {0x00343, 230},
    {0x00344, 230},
    {0x00345, 240},
    {0x00346, 230},
    {0x00347, 220},
    {0x00348, 220},
    {0x00349, 220},
    {0x0034A, 230},
    {0x0034B, 230},
    {0x0034C, 230},
    {0x0034D, 220},
    {0x0034E, 220},
    {0x00350, 230},
    {0x00351, 230},
    {0x00352, 230},
    {0x00353, 220},
    {0x00354, 220},
    {0x00355, 220},
    {0x00356, 220},
    {0x00357, 230},
    {0x00358, 232},
    {0x00359, 220},
    {0x0035A, 220},
    {0x0035B, 230},
    {0x0035C, 233},
    {0x0035D, 234},
    {0x0035E, 234},
    {0x0035F, 233},
    {0x00360, 234},
    {0x00361, 234},
    {0x00362, 233},
    {0x00363, 230},
    {0x00364, 230},
    {0x00365, 230},
    {0x00366, 230},
    {0x00367, 230},
    {0x00368, 230},
    {0x00369, 230},
    {0x0036A, 230},
    {0x0036B, 230},
    {0x0036C, 230},
    {0x0036D, 230},
    {0x0036E, 230},
    {0x0036F, 230},
    {0x00483, 230},
    {0x00484, 230},
    {0x00485, 230},
    {0x00486, 230},
    {0x00487, 230},
    {0x00591, 220},
    {0x00592, 230},
    {0x00593, 230},
    {0x00594, 230},
    {0x00595, 230},
    {0x00596, 220},
    {0x00597, 230},
    {0x00598, 230},
    {0x00599, 230},
    {0x0059A, 222},
    {0x0059B, 220},
    {0x0059C, 230},
    {0x0059D, 230},
    {0x0059E, 230},
    {0x0059F, 230},
    {0x005A0, 230},
    {0x005A1, 230},
    {0x005A2, 220},
    {0x005A3, 220},
    {0x005A4, 220},
    {0x005A5, 220},
    {0x005A6, 220},
    {0x005A7, 220},
    {0x005A8, 230},
    {0x005A9, 230},
    {0x005AA, 220},
    {0x005AB, 230},
    {0x005AC, 230},
    {0x005AD, 222},
    {0x005AE, 228},
    {0x005AF, 230},
    {0x005B0, 10},
    {0x005B1, 11},
    {0x005B2, 12},
    {0x005B3, 13},
    {0x005B4, 14},
    {0x005B5, 15},
    {0x005B6, 16},
    {0x005B7, 17},
    {0x005B8, 18},
    {0x005B9, 19},
    {0x005BA, 19},
    {0x005BB, 20},
    {0x005BC, 21},
    {0x005BD, 22},
    {0x005BF, 23},
    {0x005C1, 24},
    {0x005C2, 25},
    {0x005C4, 230},
    {0x005C5, 220},
    {0x005C7, 18},
    {0x00610, 230},
    {0x00611, 230},
    {0x00612, 230},
    {0x00613, 230},
    {0x00614, 230},
    {0x00615, 230},
    {0x00616, 230},
    {0x00617, 230},
    {0x00618, 30},
    {0x00619, 31},
    {0x0061A, 32},
    {0x0064B, 27},
    {0x0064C, 28},
    {0x0064D, 29},
    {0x0064E, 30},
    {0x0064F, 31},
    {0x00650, 32},
    {0x00651, 33},
    {0x00652, 34},
    {0x00653, 230},
    {0x00654, 230},
    {0x00655, 220},
    {0x00656, 220},
    {0x00657, 230},
    {0x00658, 230},
    {0x00659, 230},
    {0x0065A, 230},
    {0x0065B, 230},
    {0x0065C, 220},
    {0x0065D, 230},
    {0x0065E, 230},
    {0x0065F, 220},
    {0x00670, 35},
    {0x006D6, 230},
    {0x006D7, 230},
    {0x006D8, 230},
    {0x006D9, 230},
    {0x006DA, 230},
    {0x006DB, 230},
    {0x006DC, 230},
    {0x006DF, 230},
    {0x006E0, 230},
    {0x006E1, 230},
    {0x006E2, 230},
    {0x006E3, 220},
    {0x006E4, 230},
    {0x006E7, 230},
    {0x006E8, 230},
    {0x006EA, 220},
    {0x006EB, 230},
    {0x006EC, 230},
    {0x006ED, 220},
    {0x00711, 36},
    {0x00730, 230},
    {0x00731, 220},
    {0x00732, 230},
    {0x00733, 230},
    {0x00734, 220},
    {0x00735, 230},
    {0x00736, 230},
    {0x00737, 220},
    {0x00738, 220},
    {0x00739, 220},
    {0x0073A, 230},
    {0x0073B, 220},
    {0x0073C, 220},
    {0x0073D, 230},
    {0x0073E, 220},
    {0x0073F, 230},
    {0x00740, 230},
    {0x00741, 230},
    {0x00742, 220},
    {0x00743, 230},
    {0x00744, 220},
    {0x00745, 230},
    {0x00746, 220},
    {0x00747, 230},
    {0x00748, 220},
    {0x00749, 230},
    {0x0074A, 230},
    {0x007EB, 230},
    {0x007EC, 230},
    {0x007ED, 230},
    {0x007EE, 230},
    {0x007EF, 230},
    {0x007F0, 230},
    {0x007F1, 230},
    {0x007F2, 220},
    {0x007F3, 230},
    {0x007FD, 220},
    {0x00816, 230},
    {0x00817, 230},
    {0x00818, 230},
    {0x00819, 230},
    {0x0081B, 230},
    {0x0081C, 230},
    {0x0081D, 230},
    {0x0081E, 230},
    {0x0081F, 230},
    {0x00820, 230},
    {0x00821, 230},
    {0x00822, 230},
    {0x00823, 230},
    {0x00825, 230},
    {0x00826, 230},
    {0x00827, 230},
    {0x00829, 230},
    {0x0082A, 230},
    {0x0082B, 230},
    {0x0082C, 230},
    {0x0082D, 230},
    {0x00859, 220},
    {0x0085A, 220},
    {0x0085B, 220},
    {0x00898, 230},
    {0x00899, 220},
    {0x0089A, 220},
    {0x0089B, 220},
    {0x0089C, 230},
    {0x0089D, 230},
    {0x0089E, 230},
    {0x0089F, 230},
    {0x008CA, 230},
    {0x008CB, 230},
    {0x008CC, 230},
    {0x008CD, 230},
    {0x008CE, 230},
    {0x008CF, 220},
    {0x008D0, 220},
    {0x008D1, 220},
    {0x008D2, 220},
    {0x008D3, 220},
    {0x008D4, 230},
    {0x008D5, 230},
    {0x008D6, 230},
    {0x008D7, 230},
    {0x008D8, 230},
    {0x008D9, 230},
    {0x008DA, 230},
    {0x008DB, 230},
    {0x008DC, 230},
    {0x008DD, 230},
    {0x008DE, 230},
    {0x008DF, 230},
    {0x008E0, 230},
    {0x008E1, 230},
    {0x008E3, 220},
    {0x008E4, 230},
    {0x008E5, 230},
    {0x008E6, 220},
    {0x008E7, 230},
    {0x008E8, 230},
    {0x008E9, 220},
    {0x008EA, 230},
    {0x008EB, 230},
    {0x008EC, 230},
    {0x008ED, 220},
    {0x008EE, 220},
    {0x008EF, 220},
    {0x008F0, 27},
    {0x008F1, 28},
    {0x008F2, 29},
    {0x008F3, 230},
    {0x008F4, 230},
    {0x008F5, 230},
    {0x008F6, 220},
    {0x008F7, 230},
    {0x008F8, 230},
    {0x008F9, 220},
    {0x008FA, 220},
    {0x008FB, 230},
    {0x008FC, 230},
    {0x008FD, 230},
    {0x008FE, 230},
    {0x008FF, 230},
    {0x0093C, 7},
    {0x0094D, 9},
    {0x00951, 230},
    {0x00952, 220},
    {0x00953, 230},
    {0x00954, 230},
    {0x009BC, 7},
    {0x009CD, 9},
    {0x009FE, 230},
    {0x00A3C, 7},
    {0x00A4D, 9},
    {0x00ABC, 7},
    {0x00ACD, 9},
    {0x00B3C, 7},
    {0x00B4D, 9},
    {0x00BCD, 9},
    {0x00C3C, 7},
    {0x00C4D, 9},
    {0x00C55, 84},
    {0x00C56, 91},
    {0x00CBC, 7},
    {0x00CCD, 9},
    {0x00D3B, 9},
    {0x00D3C, 9},
    {0x00D4D, 9},
    {0x00DCA, 9},
    {0x00E38, 103},
    {0x00E39, 103},
    {0x00E3A, 9},
    {0x00E48, 107},
    {0x00E49, 107},
    {0x00E4A, 107},
    {0x00E4B, 107},
    {0x00EB8, 118},
    {0x00EB9, 118},
    {0x00EBA, 9},
    {0x00EC8, 122},
    {0x00EC9, 122},
    {0x00ECA, 122},
    {0x00ECB, 122},
    {0x00F18, 220},
    {0x00F19, 220},
    {0x00F35, 220},
    {0x00F37, 220},
    {0x00F39, 216},
    {0x00F71, 129},
    {0x00F72, 130},
    {0x00F74, 132},
    {0x00F7A, 130},
    {0x00F7B, 130},
    {0x00F7C, 130},
    {0x00F7D, 130},
    {0x00F80, 130},
    {0x00F82, 230},
    {0x00F83, 230},
    {0x00F84, 9},
    {0x00F86, 230},
    {0x00F87, 230},
    {0x00FC6, 220},
    {0x01037, 7},
    {0x01039, 9},
    {0x0103A, 9},
    {0x0108D, 220},
    {0x0135D, 230},
    {0x0135E, 230},
    {0x0135F, 230},
    {0x01714, 9},
    {0x01715, 9},
    {0x01734, 9},
    {0x017D2, 9},
    {0x017DD, 230},
    {0x018A9, 228},
    {0x01939, 222},
    {0x0193A, 230},
    {0x0193B, 220},
    {0x01A17, 230},
    {0x01A18, 220},
    {0x01A60, 9},
    {0x01A75, 230},
    {0x01A76, 230},
    {0x01A77, 230},
    {0x01A78, 230},
    {0x01A79, 230},
    {0x01A7A, 230},
    {0x01A7B, 230},
    {0x01A7C, 230},
    {0x01A7F, 220},
    {0x01AB0, 230},
    {0x01AB1, 230},
    {0x01AB2, 230},
    {0x01AB3, 230},
    {0x01AB4, 230},
    {0x01AB5, 220},
    {0x01AB6, 220},
    {0x01AB7, 220},
    {0x01AB8, 220},
    {0x01AB9, 220},
    {0x01ABA, 220},
    {0x01ABB, 230},
    {0x01ABC, 230},
    {0x01ABD, 220},
    {0x01ABF, 220},
    {0x01AC0, 220},
    {0x01AC1, 230},
    {0x01AC2, 230},
    {0x01AC3, 220},
    {0x01AC4, 220},
    {0x01AC5, 230},
    {0x01AC6, 230},
    {0x01AC7, 230},
    {0x01AC8, 230},
    {0x01AC9, 230},
    {0x01ACA, 220},
    {0x01ACB, 230},
    {0x01ACC, 230},
    {0x01ACD, 230},
    {0x01ACE, 230},
    {0x01B34, 7},
    {0x01B44, 9},
    {0x01B6B, 230},
    {0x01B6C, 220},
    {0x01B6D, 230},
    {0x01B6E, 230},
    {0x01B6F, 230},
    {0x01B70, 230},
    {0x01B71, 230},
    {0x01B72, 230},
    {0x01B73, 230},
    {0x01BAA, 9},
    {0x01BAB, 9},
    {0x01BE6, 7},
    {0x01BF2, 9},
    {0x01BF3, 9},
    {0x01C37, 7},
    {0x01CD0, 230},
    {0x01CD1, 230},
    {0x01CD2, 230},
    {0x01CD4, 1},
    {0x01CD5, 220},
    {0x01CD6, 220},
    {0x01CD7, 220},
    {0x01CD8, 220},
    {0x01CD9, 220},
    {0x01CDA, 230},
    {0x01CDB, 230},
    {0x01CDC, 220},
    {0x01CDD, 220},
    {0x01CDE, 220},
    {0x01CDF, 220},
    {0x01CE0, 230},
    {0x01CE2, 1},
    {0x01CE3, 1},
    {0x01CE4, 1},
    {0x01CE5, 1},
    {0x01CE6, 1},
    {0x01CE7, 1},
    {0x01CE8, 1},
    {0x01CED, 220},
    {0x01CF4, 230},
    {0x01CF8, 230},
    {0x01CF9, 230},
    {0x01DC0, 230},
    {0x01DC1, 230},
    {0x01DC2, 220},
    {0x01DC3, 230},
    {0x01DC4, 230},
    {0x01DC5, 230},
    {0x01DC6, 230},
    {0x01DC7, 230},
    {0x01DC8, 230},
    {0x01DC9, 230},
    {0x01DCA, 220},
    {0x01DCB, 230},
    {0x01DCC, 230},
    {0x01DCD, 234},
    {0x01DCE, 214},
    {0x01DCF, 220},
    {0x01DD0, 202},
    {0x01DD1, 230},
    {0x01DD2, 230},
    {0x01DD3, 230},
    {0x01DD4, 230},
    {0x01DD5, 230},
    {0x01DD6, 230},
    {0x01DD7, 230},
    {0x01DD8, 230},
    {0x01DD9, 230},
    {0x01DDA, 230},
    {0x01DDB, 230},
    {0x01DDC, 230},
    {0x01DDD, 230},
    {0x01DDE, 230},
    {0x01DDF, 230},
    {0x01DE0, 230},
    {0x01DE1, 230},
    {0x01DE2, 230},
    {0x01DE3, 230},
    {0x01DE4, 230},
    {0x01DE5, 230},
    {0x01DE6, 230},
    {0x01DE7, 230},
    {0x01DE8, 230},
    {0x01DE9, 230},
    {0x01DEA, 230},
    {0x01DEB, 230},
    {0x01DEC, 230},
    {0x01DED, 230},
    {0x01DEE, 230},
    {0x01DEF, 230},
    {0x01DF0, 230},
    {0x01DF1, 230},
    {0x01DF2, 230},
    {0x01DF3, 230},
    {0x01DF4, 230},
    {0x01DF5, 230},
    {0x01DF6, 232},
    {0x01DF7, 228},
    {0x01DF8, 228},
    {0x01DF9, 220},
    {0x01DFA, 218},
    {0x01DFB, 230},
    {0x01DFC, 233},
    {0x01DFD, 220},
    {0x01DFE, 230},
    {0x01DFF, 220},
    {0x020D0, 230},
    {0x020D1, 230},
    {0x020D2, 1},
    {0x020D3, 1},
    {0x020D4, 230},
    {0x020D5, 230},
    {0x020D6, 230},
    {0x020D7, 230},
    {0x020D8, 1},
    {0x020D9, 1},
    {0x020DA, 1},
    {0x020DB, 230},
    {0x020DC, 230},
    {0x020E1, 230},
    {0x020E5, 1},
    {0x020E6, 1},
    {0x020E7, 230},
    {0x020E8, 220},
    {0x020E9, 230},
    {0x020EA, 1},
    {0x020EB, 1},
    {0x020EC, 220},
    {0x020ED, 220},
    {0x020EE, 220},
    {0x020EF, 220},
    {0x020F0, 230},
    {0x02CEF, 230},
    {0x02CF0, 230},
    {0x02CF1, 230},
    {0x02D7F, 9},
    {0x02DE0, 230},
    {0x02DE1, 230},
    {0x02DE2, 230},
    {0x02DE3, 230},
    {0x02DE4, 230},
    {0x02DE5, 230},
    {0x02DE6, 230},
    {0x02DE7, 230},
    {0x02DE8, 230},
    {0x02DE9, 230},
    {0x02DEA, 230},
    {0x02DEB, 230},
    {0x02DEC, 230},
    {0x02DED, 230},
    {0x02DEE, 230},
    {0x02DEF, 230},
    {0x02DF0, 230},
    {0x02DF1, 230},
    {0x02DF2, 230},
    {0x02DF3, 230},
    {0x02DF4, 230},
    {0x02DF5, 230},
    {0x02DF6, 230},
    {0x02DF7, 230},
    {0x02DF8, 230},
    {0x02DF9, 230},
    {0x02DFA, 230},
    {0x02DFB, 230},
    {0x02DFC, 230},
    {0x02DFD, 230},
    {0x02DFE, 230},
    {0x02DFF, 230},
    {0x0302A, 218},
    {0x0302B, 228},
    {0x0302C, 232},
    {0x0302D, 222},
    {0x0302E, 224},
    {0x0302F, 224},
    {0x03099, 8},
    {0x0309A, 8},
    {0x0A66F, 230},
    {0x0A674, 230},
    {0x0A675, 230},
    {0x0A676, 230},
    {0x0A677, 230},
    {0x0A678, 230},
    {0x0A679, 230},
    {0x0A67A, 230},
    {0x0A67B, 230},
    {0x0A67C, 230},
    {0x0A67D, 230},
    {0x0A69E, 230},
    {0x0A69F, 230},
    {0x0A6F0, 230},
    {0x0A6F1, 230},
    {0x0A806, 9},
    {0x0A82C, 9},
    {0x0A8C4, 9},
    {0x0A8E0, 230},
    {0x0A8E1, 230},
    {0x0A8E2, 230},
    {0x0A8E3, 230},
    {0x0A8E4, 230},
    {0x0A8E5, 230},
    {0x0A8E6, 230},
    {0x0A8E7, 230},
    {0x0A8E8, 230},
    {0x0A8E9, 230},
    {0x0A8EA, 230},
    {0x0A8EB, 230},
    {0x0A8EC, 230},
    {0x0A8ED, 230},
    {0x0A8EE, 230},
    {0x0A8EF, 230},
    {0x0A8F0, 230},
    {0x0A8F1, 230},
    {0x0A92B, 220},
    {0x0A92C, 220},
    {0x0A92D, 220},
    {0x0A953, 9},
    {0x0A9B3, 7},
    {0x0A9C0, 9},
    {0x0AAB0, 230},
    {0x0AAB2, 230},
    {0x0AAB3, 230},
    {0x0AAB4, 220},
    {0x0AAB7, 230},
    {0x0AAB8, 230},
    {0x0AABE, 230},
    {0x0AABF, 230},
    {0x0AAC1, 230},
    {0x0AAF6, 9},
    {0x0ABED, 9},
    {0x0FB1E, 26},
    {0x0FE20, 230},
    {0x0FE21, 230},
    {0x0FE22, 230},
    {0x0FE23, 230},
    {0x0FE24, 230},
    {0x0FE25, 230},
    {0x0FE26, 230},
    {0x0FE27, 220},
    {0x0FE28, 220},
    {0x0FE29, 220},
    {0x0FE2A, 220},
    {0x0FE2B, 220},
    {0x0FE2C, 220},
    {0x0FE2D, 220},
    {0x0FE2E, 230},
    {0x0FE2F, 230},
    {0x101FD, 220},
    {0x102E0, 220},
    {0x10376, 230},
    {0x10377, 230},
    {0x10378, 230},
    {0x10379, 230},
    {0x1037A, 230},
    {0x10A0D, 220},
    {0x10A0F, 230},
    {0x10A38, 230},
    {0x10A39, 1},
    {0x10A3A, 220},
    {0x10A3F, 9},
    {0x10AE5, 230},
    {0x10AE6, 220},
    {0x10D24, 230},
    {0x10D25, 230},
    {0x10D26, 230},
    {0x10D27, 230},
    {0x10EAB, 230},
    {0x10EAC, 230},
    {0x10EFD, 220},
    {0x10EFE, 220},
    {0x10EFF, 220},
    {0x10F46, 220},
    {0x10F47, 220},
    {0x10F48, 230},
    {0x10F49, 230},
    {0x10F4A, 230},
    {0x10F4B, 220},
    {0x10F4C, 230},
    {0x10F4D, 220},
    {0x10F4E, 220},
    {0x10F4F, 220},
    {0x10F50, 220},
    {0x10F82, 230},
    {0x10F83, 220},
    {0x10F84, 230},
    {0x10F85, 220},
    {0x11046, 9},
    {0x11070, 9},
    {0x1107F, 9},
    {0x110B9, 9},
    {0x110BA, 7},
    {0x11100, 230},
    {0x11101, 230},
    {0x11102, 230},
    {0x11133, 9},
    {0x11134, 9},
    {0x11173, 7},
    {0x111C0, 9},
    {0x111CA, 7},
    {0x11235, 9},
    {0x11236, 7},
    {0x112E9, 7},
    {0x112EA, 9},
    {0x1133B, 7},
    {0x1133C, 7},
    {0x1134D, 9},
    {0x11366, 230},
    {0x11367, 230},
    {0x11368, 230},
    {0x11369, 230},
    {0x1136A, 230},
    {0x1136B, 230},
    {0x1136C, 230},
    {0x11370, 230},
    {0x11371, 230},
    {0x11372, 230},
    {0x11373, 230},
    {0x11374, 230},
    {0x11442, 9},
    {0x11446, 7},
    {0x1145E, 230},
    {0x114C2, 9},
    {0x114C3, 7},
    {0x115BF, 9},
    {0x115C0, 7},
    {0x1163F, 9},
    {0x116B6, 9},
    {0x116B7, 7},
    {0x1172B, 9},
    {0x11839, 9},
    {0x1183A, 7},
    {0x1193D, 9},
    {0x1193E, 9},
    {0x11943, 7},
    {0x119E0, 9},
    {0x11A34, 9},
    {0x11A47, 9},
    {0x11A99, 9},
    {0x11C3F, 9},
    {0x11D42, 7},
    {0x11D44, 9},
    {0x11D45, 9},
    {0x11D97, 9},
    {0x11F41, 9},
    {0x11F42, 9},
    {0x16AF0, 1},
    {0x16AF1, 1},
    {0x16AF2, 1},
    {0x16AF3, 1},
    {0x16AF4, 1},
    {0x16B30, 230},
    {0x16B31, 230},
    {0x16B32, 230},
    {0x16B33, 230},
    {0x16B34, 230},
    {0x16B35, 230},
    {0x16B36, 230},
    {0x16FF0, 6},
    {0x16FF1, 6},
    {0x1BC9E, 1},
    {0x1D165, 216},
    {0x1D166, 216},
    {0x1D167, 1},
    {0x1D168, 1},
    {0x1D169, 1},
    {0x1D16D, 226},
    {0x1D16E, 216},
    {0x1D16F, 216},
    {0x1D170, 216},
    {0x1D171, 216},
    {0x1D172, 216},
    {0x1D17B, 220},
    {0x1D17C, 220},
    {0x1D17D, 220},
    {0x1D17E, 220},
    {0x1D17F, 220},
    {0x1D180, 220},
    {0x1D181, 220},
    {0x1D182, 220},
    {0x1D185, 230},
    {0x1D186, 230},
    {0x1D187, 230},
    {0x1D188, 230},
    {0x1D189, 230},
    {0x1D18A, 220},
    {0x1D18B, 220},
    {0x1D1AA, 230},
    {0x1D1AB, 230},
    {0x1D1AC, 230},
    {0x1D1AD, 230},
    {0x1D242, 230},
    {0x1D243, 230},
    {0x1D244, 230},
    {0x1E000, 230},
    {0x1E001, 230},
    {0x1E002, 230},
    {0x1E003, 230},
    {0x1E004, 230},
    {0x1E005, 230},
    {0x1E006, 230},
    {0x1E008, 230},
    {0x1E009, 230},
    {0x1E00A, 230},
    {0x1E00B, 230},
    {0x1E00C, 230},
    {0x1E00D, 230},
    {0x1E00E, 230},
    {0x1E00F, 230},
    {0x1E010, 230},
    {0x1E011, 230},
    {0x1E012, 230},
    {0x1E013, 230},
    {0x1E014, 230},
    {0x1E015, 230},
    {0x1E016, 230},
    {0x1E017, 230},
    {0x1E018, 230},
    {0x1E01B, 230},
    {0x1E01C, 230},
    {0x1E01D, 230},
    {0x1E01E, 230},
    {0x1E01F, 230},
    {0x1E020, 230},
    {0x1E021, 230},
    {0x1E023, 230},
    {0x1E024, 230},
    {0x1E026, 230},
    {0x1E027, 230},
    {0x1E028, 230},
    {0x1E029, 230},
    {0x1E02A, 230},
    {0x1E08F, 230},
    {0x1E130, 230},
    {0x1E131, 230},
    {0x1E132, 230},
    {0x1E133, 230},
    {0x1E134, 230},
    {0x1E135, 230},
    {0x1E136, 230},
    {0x1E2AE, 230},
    {0x1E2EC, 230},
    {0x1E2ED, 230},
    {0x1E2EE, 230},
    {0x1E2EF, 230},
    {0x1E4EC, 232},
    {0x1E4ED, 232},
    {0x1E4EE, 220},
    {0x1E4EF, 230},
    {0x1E8D0, 220},
    {0x1E8D1, 220},
    {0x1E8D2, 220},
    {0x1E8D3, 220},
    {0x1E8D4, 220},
    {0x1E8D5, 220},
    {0x1E8D6, 220},
    {0x1E944, 230},
    {0x1E945, 230},
    {0x1E946, 230},
    {0x1E947, 230},
    {0x1E948, 230},
    {0x1E949, 230},
    {0x1E94A, 7},
};
static const size_t k_mtl_nfkd_table_len = 2518;
static const size_t k_mtl_lower_table_len = 698;
static const size_t k_mtl_ccc_table_len   = 922;
